Regioaanduiding.Codering..code.,Perioden,Wijken.en.buurten.x,Regioaanduiding.Gemeentenaam..naam..x,Regioaanduiding.Soort.regio..omschrijving..x,Regioaanduiding.Indelingswijziging.wijken.en.buurten..code.,Horeca.Cafés.en.dergelijke.Afstand.tot.café.e.d...km.,Leeftijd,Marges,Wijken.en.buurten.y,Regioaanduiding.Gemeentenaam..naam..y,Regioaanduiding.Soort.regio..omschrijving..y,Ervaren.gezondheid..goed.zeer.goed.....,Bewegen.Voldoet.aan.beweegrichtlijn....,Onder..en.overgewicht.Mate.van.overgewicht.Ernstig.overgewicht....,Roker....,Alcoholgebruik.Voldoet.aan.alcohol.richtlijn....,Alcoholgebruik.Drinker....,Alcoholgebruik.Zware.drinker....,Alcoholgebruik.Overmatige.drinker....,Lichamelijke.gezondheid.Eén.of.meer.langdurige.aandoeningen....,Psychische.klachten....,Veerkracht..Zeer..lage.veerkracht....,Hoog.risico.op.angst.of.depressie....,Eenzaamheid.Ernstig.zeer.ernstig.eenzaam....
BU05990110,2016,Stadsdriehoek,Rotterdam,Buurt,1,"0,2",18 jaar of ouder,Waarde,Stadsdriehoek,Rotterdam,Buurt,79.4,58.6,9.7,27.6,32.2,85.3,13.4,7.8,28.0,.,.,6.8,11.1
BU05990110,2020,Stadsdriehoek,Rotterdam,Buurt,3,"0,2",18 jaar of ouder,Waarde,Stadsdriehoek,Rotterdam,Buurt,82.3,51.9,10.4,21.1,32.7,83.7,13.0,8.0,26.4,.,.,7.9,13.5
BU05990110,2022,Stadsdriehoek,Rotterdam,Buurt,1,0.2,18 jaar of ouder,Waarde,Stadsdriehoek,Rotterdam,Buurt,71.7,53.6,10.5,22.9,32.6,83.2,14.5,9.2,28.4,28.9,18.6,13.3,19.0
BU05990111,2016,Oude Westen,Rotterdam,Buurt,1,"0,2",18 jaar of ouder,Waarde,Oude Westen,Rotterdam,Buurt,62.2,50.5,16.4,29.4,54.0,62.0,10.1,5.8,38.4,.,.,14.3,17.4
BU05990111,2020,Oude Westen,Rotterdam,Buurt,3,"0,2",18 jaar of ouder,Waarde,Oude Westen,Rotterdam,Buurt,70.4,46.8,16.3,22.5,53.0,62.2,9.9,5.6,33.8,.,.,12.2,18.8
BU05990111,2022,Oude Westen,Rotterdam,Buurt,1,0.3,18 jaar of ouder,Waarde,Oude Westen,Rotterdam,Buurt,58.0,49.0,16.8,24.8,52.1,62.9,10.8,6.6,36.8,35.8,27.1,20.4,24.8
BU05990112,2016,Cool,Rotterdam,Buurt,1,"0,1",18 jaar of ouder,Waarde,Cool,Rotterdam,Buurt,75.1,56.4,10.8,29.3,38.0,79.6,12.4,7.0,28.8,.,.,8.7,13.0
BU05990112,2020,Cool,Rotterdam,Buurt,3,"0,1",18 jaar of ouder,Waarde,Cool,Rotterdam,Buurt,80.6,50.6,11.4,21.7,36.1,80.6,12.4,6.9,26.7,.,.,9.0,14.8
BU05990112,2022,Cool,Rotterdam,Buurt,1,0.2,18 jaar of ouder,Waarde,Cool,Rotterdam,Buurt,69.7,53.6,11.5,24.3,35.4,80.0,13.5,8.2,29.1,30.4,19.6,14.6,20.4
BU05990113,2016,Cs Kwartier,Rotterdam,Buurt,1,"0,2",18 jaar of ouder,Waarde,Cs Kwartier,Rotterdam,Buurt,80.4,59.0,9.2,27.2,34.0,84.8,12.8,7.7,26.2,.,.,6.7,11.2
BU05990113,2020,Cs Kwartier,Rotterdam,Buurt,3,"0,2",18 jaar of ouder,Waarde,Cs Kwartier,Rotterdam,Buurt,84.9,53.3,9.9,19.8,36.4,84.6,11.9,7.4,24.0,.,.,7.1,14.2
BU05990113,2022,Cs Kwartier,Rotterdam,Buurt,1,0.3,18 jaar of ouder,Waarde,Cs Kwartier,Rotterdam,Buurt,73.1,54.6,10.4,22.1,33.5,83.8,12.5,8.4,27.4,27.4,17.4,13.4,20.0
BU05990118,2016,Nieuwe Werk,Rotterdam,Buurt,3,"0,3",18 jaar of ouder,Waarde,Nieuwe Werk,Rotterdam,Buurt,83.8,58.9,9.5,24.0,29.6,90.4,11.9,9.3,25.9,.,.,5.5,9.5
BU05990118,2020,Nieuwe Werk,Rotterdam,Buurt,3,"0,3",18 jaar of ouder,Waarde,Nieuwe Werk,Rotterdam,Buurt,85.7,51.1,9.6,17.5,29.0,89.2,10.7,6.8,24.5,.,.,6.8,11.1
BU05990118,2022,Nieuwe Werk,Rotterdam,Buurt,3,0.2,18 jaar of ouder,Waarde,Nieuwe Werk,Rotterdam,Buurt,75.6,51.6,11.2,20.0,32.7,86.0,11.6,7.9,26.9,25.6,15.8,12.0,15.8
BU05990119,2016,Dijkzigt,Rotterdam,Buurt,1,"0,4",18 jaar of ouder,Waarde,Dijkzigt,Rotterdam,Buurt,83.2,64.9,8.5,29.1,26.5,89.8,14.7,7.7,22.6,.,.,7.9,10.7
BU05990119,2020,Dijkzigt,Rotterdam,Buurt,1,"0,3",18 jaar of ouder,Waarde,Dijkzigt,Rotterdam,Buurt,84.7,55.0,11.3,23.9,27.3,88.2,15.0,7.6,21.0,.,.,10.7,13.7
BU05990119,2022,Dijkzigt,Rotterdam,Buurt,3,0.6,18 jaar of ouder,Waarde,Dijkzigt,Rotterdam,Buurt,74.5,54.4,10.3,22.2,27.2,87.3,17.3,9.4,25.8,29.6,17.4,14.5,15.7
BU05990320,2016,Delfshaven,Rotterdam,Buurt,1,"0,3",18 jaar of ouder,Waarde,Delfshaven,Rotterdam,Buurt,70.1,55.3,14.4,31.6,42.7,72.7,11.9,6.6,32.9,.,.,12.3,15.3
BU05990320,2020,Delfshaven,Rotterdam,Buurt,1,"0,2",18 jaar of ouder,Waarde,Delfshaven,Rotterdam,Buurt,76.5,50.5,15.2,24.6,43.4,73.8,10.6,5.8,28.1,.,.,11.6,16.7
BU05990320,2022,Delfshaven,Rotterdam,Buurt,1,0.3,18 jaar of ouder,Waarde,Delfshaven,Rotterdam,Buurt,64.7,50.0,15.0,25.0,43.0,72.8,13.9,7.6,31.9,34.8,24.3,18.2,21.9
BU05990321,2016,Bospolder,Rotterdam,Buurt,1,"0,1",18 jaar of ouder,Waarde,Bospolder,Rotterdam,Buurt,57.6,47.5,20.6,30.1,64.5,49.9,8.9,4.3,41.4,.,.,16.6,18.8
BU05990321,2020,Bospolder,Rotterdam,Buurt,1,"0,1",18 jaar of ouder,Waarde,Bospolder,Rotterdam,Buurt,66.8,45.6,20.7,24.7,64.2,51.6,7.0,3.9,35.0,.,.,14.4,20.6
BU05990321,2022,Bospolder,Rotterdam,Buurt,3,0.2,18 jaar of ouder,Waarde,Bospolder,Rotterdam,Buurt,54.6,44.4,19.8,24.9,61.9,53.1,8.9,5.0,38.2,38.2,30.6,20.5,26.6
BU05990322,2016,Tussendijken,Rotterdam,Buurt,1,"0,2",18 jaar of ouder,Waarde,Tussendijken,Rotterdam,Buurt,57.1,47.7,19.0,30.9,62.3,51.4,8.9,4.6,41.9,.,.,17.2,19.6
BU05990322,2020,Tussendijken,Rotterdam,Buurt,1,"0,2",18 jaar of ouder,Waarde,Tussendijken,Rotterdam,Buurt,66.8,46.8,19.4,26.0,62.2,53.3,8.2,4.4,35.1,.,.,14.8,21.1
BU05990322,2022,Tussendijken,Rotterdam,Buurt,1,0.3,18 jaar of ouder,Waarde,Tussendijken,Rotterdam,Buurt,53.1,46.3,19.5,26.9,60.3,54.1,9.8,5.6,38.6,39.7,32.2,21.5,27.7
BU05990323,2016,Spangen,Rotterdam,Buurt,1,"0,2",18 jaar of ouder,Waarde,Spangen,Rotterdam,Buurt,62.0,49.8,19.1,28.0,64.6,50.0,7.4,3.7,37.2,.,.,14.7,17.5
BU05990323,2020,Spangen,Rotterdam,Buurt,1,"0,3",18 jaar of ouder,Waarde,Spangen,Rotterdam,Buurt,70.0,46.0,19.3,23.8,66.7,48.7,6.4,3.6,32.2,.,.,13.5,19.7
BU05990323,2022,Spangen,Rotterdam,Buurt,1,0.4,18 jaar of ouder,Waarde,Spangen,Rotterdam,Buurt,56.3,45.8,20.0,24.3,61.9,51.7,8.1,4.7,36.0,37.3,28.5,19.8,26.3
BU05990324,2016,Nieuwe Westen,Rotterdam,Buurt,1,"0,2",18 jaar of ouder,Waarde,Nieuwe Westen,Rotterdam,Buurt,66.1,53.2,14.9,29.2,53.2,61.1,9.8,5.5,36.0,.,.,13.4,16.0
BU05990324,2020,Nieuwe Westen,Rotterdam,Buurt,1,"0,2",18 jaar of ouder,Waarde,Nieuwe Westen,Rotterdam,Buurt,73.6,50.3,15.7,23.1,54.5,62.0,9.4,5.5,30.9,.,.,12.0,17.6
BU05990324,2022,Nieuwe Westen,Rotterdam,Buurt,1,0.3,18 jaar of ouder,Waarde,Nieuwe Westen,Rotterdam,Buurt,60.6,49.6,16.3,24.6,52.2,62.6,11.0,6.6,34.3,34.8,26.4,18.7,23.9
BU05990325,2016,Middelland,Rotterdam,Buurt,1,"0,1",18 jaar of ouder,Waarde,Middelland,Rotterdam,Buurt,72.3,56.1,12.4,29.7,43.1,72.8,11.6,6.3,32.1,.,.,10.7,14.2
BU05990325,2020,Middelland,Rotterdam,Buurt,1,"0,1",18 jaar of ouder,Waarde,Middelland,Rotterdam,Buurt,77.9,52.1,13.0,22.4,42.9,72.9,11.3,6.5,28.3,.,.,10.3,15.7
BU05990325,2022,Middelland,Rotterdam,Buurt,1,0.2,18 jaar of ouder,Waarde,Middelland,Rotterdam,Buurt,67.0,52.9,13.5,24.4,42.3,73.2,12.8,7.6,31.3,31.9,22.2,17.1,21.2
BU05990327,2016,Oud Mathenesse,Rotterdam,Buurt,1,"0,2",18 jaar of ouder,Waarde,Oud Mathenesse,Rotterdam,Buurt,67.6,50.5,16.8,31.1,50.6,69.7,9.4,5.6,35.4,.,.,11.4,17.0
BU05990327,2020,Oud Mathenesse,Rotterdam,Buurt,1,"0,2",18 jaar of ouder,Waarde,Oud Mathenesse,Rotterdam,Buurt,73.9,45.5,17.3,27.2,53.4,67.5,8.0,5.0,30.7,.,.,11.4,19.6
BU05990327,2022,Oud Mathenesse,Rotterdam,Buurt,1,0.3,18 jaar of ouder,Waarde,Oud Mathenesse,Rotterdam,Buurt,61.7,46.2,18.4,27.7,50.7,69.8,9.2,6.1,33.7,34.6,23.8,17.1,25.4
BU05990328,2016,Witte Dorp,Rotterdam,Buurt,1,"0,3",18 jaar of ouder,Waarde,Witte Dorp,Rotterdam,Buurt,57.2,44.6,26.5,28.4,64.9,53.0,7.0,4.4,44.2,.,.,14.3,16.6
BU05990328,2020,Witte Dorp,Rotterdam,Buurt,1,"0,4",18 jaar of ouder,Waarde,Witte Dorp,Rotterdam,Buurt,65.4,43.1,23.6,23.4,68.2,46.3,5.5,4.5,38.4,.,.,12.6,19.4
BU05990328,2022,Witte Dorp,Rotterdam,Buurt,1,0.4,18 jaar of ouder,Waarde,Witte Dorp,Rotterdam,Buurt,52.2,41.4,24.6,23.9,68.0,48.0,6.5,4.8,41.3,35.3,29.3,18.6,24.8
BU05990329,2016,Schiemond,Rotterdam,Buurt,3,"0,4",18 jaar of ouder,Waarde,Schiemond,Rotterdam,Buurt,67.5,47.9,17.9,24.0,55.2,63.9,8.1,5.2,36.5,.,.,11.8,14.9
BU05990329,2020,Schiemond,Rotterdam,Buurt,1,"0,7",18 jaar of ouder,Waarde,Schiemond,Rotterdam,Buurt,72.9,44.9,18.6,19.4,57.2,61.8,5.9,3.9,32.5,.,.,10.3,16.7
BU05990329,2022,Schiemond,Rotterdam,Buurt,3,0.8,18 jaar of ouder,Waarde,Schiemond,Rotterdam,Buurt,61.1,44.7,18.7,20.3,58.5,60.6,6.8,4.8,36.9,30.7,24.5,15.5,22.2
BU05990451,2016,Kleinpolder,Rotterdam,Buurt,1,"0,3",18 jaar of ouder,Waarde,Kleinpolder,Rotterdam,Buurt,64.5,43.3,18.5,24.9,58.0,64.1,7.3,5.4,39.6,.,.,11.5,15.7
BU05990451,2020,Kleinpolder,Rotterdam,Buurt,1,"0,3",18 jaar of ouder,Waarde,Kleinpolder,Rotterdam,Buurt,71.5,42.2,19.8,20.2,61.1,59.9,5.8,4.2,35.8,.,.,10.5,17.4
BU05990451,2022,Kleinpolder,Rotterdam,Buurt,1,0.4,18 jaar of ouder,Waarde,Kleinpolder,Rotterdam,Buurt,58.6,40.1,21.1,20.9,61.1,59.8,6.6,4.8,37.8,31.0,24.7,15.8,22.6
BU05990452,2016,Noord Kethel,Rotterdam,Buurt,1,"2,9",18 jaar of ouder,Waarde,Noord Kethel,Rotterdam,Buurt,80.7,45.6,12.7,16.0,39.3,85.8,8.7,7.3,29.8,.,.,3.5,6.1
BU05990452,2020,Noord Kethel,Rotterdam,Buurt,3,"2,9",18 jaar of ouder,Waarde,Noord Kethel,Rotterdam,Buurt,83.9,46.1,11.4,10.0,44.6,85.4,6.5,6.9,30.3,.,.,2.5,7.9
BU05990452,2022,Noord Kethel,Rotterdam,Buurt,1,2.9,18 jaar of ouder,Waarde,Noord Kethel,Rotterdam,Buurt,76.3,49.2,12.8,10.3,41.3,83.3,7.8,7.1,33.0,13.0,11.4,4.5,8.3
BU05990454,2016,Schieveen,Rotterdam,Buurt,1,"3,5",18 jaar of ouder,Waarde,Schieveen,Rotterdam,Buurt,81.6,47.8,12.8,17.6,38.9,86.7,8.1,6.8,30.1,.,.,3.5,6.0
BU05990454,2020,Schieveen,Rotterdam,Buurt,3,"3,4",18 jaar of ouder,Waarde,Schieveen,Rotterdam,Buurt,83.7,48.3,12.0,10.6,42.5,85.0,7.4,7.4,28.1,.,.,3.6,6.5
BU05990454,2022,Schieveen,Rotterdam,Buurt,3,3.4,18 jaar of ouder,Waarde,Schieveen,Rotterdam,Buurt,76.1,45.9,13.6,12.5,40.6,83.7,8.4,6.6,29.1,17.1,13.0,6.1,9.8
BU05990455,2016,Zestienhoven,Rotterdam,Buurt,1,"1,4",18 jaar of ouder,Waarde,Zestienhoven,Rotterdam,Buurt,84.3,51.2,11.5,17.5,39.5,84.3,7.2,5.1,26.2,.,.,4.1,6.5
BU05990455,2020,Zestienhoven,Rotterdam,Buurt,1,"1,9",18 jaar of ouder,Waarde,Zestienhoven,Rotterdam,Buurt,88.0,51.1,10.7,11.3,39.3,84.4,5.5,4.1,22.7,.,.,4.2,7.9
BU05990455,2022,Zestienhoven,Rotterdam,Buurt,3,2,18 jaar of ouder,Waarde,Zestienhoven,Rotterdam,Buurt,79.0,48.0,11.8,11.9,40.8,82.1,7.1,4.6,24.7,16.5,12.0,6.3,10.9
BU05990456,2016,Overschie,Rotterdam,Buurt,1,"0,5",18 jaar of ouder,Waarde,Overschie,Rotterdam,Buurt,75.1,48.2,15.6,22.6,44.6,79.4,8.3,6.8,34.9,.,.,7.2,10.8
BU05990456,2020,Overschie,Rotterdam,Buurt,1,"0,5",18 jaar of ouder,Waarde,Overschie,Rotterdam,Buurt,79.4,47.3,16.1,18.1,46.1,77.9,7.2,5.6,31.6,.,.,7.2,12.3
BU05990456,2022,Overschie,Rotterdam,Buurt,1,0.5,18 jaar of ouder,Waarde,Overschie,Rotterdam,Buurt,69.2,44.1,17.3,18.0,45.8,77.8,8.3,6.1,33.6,23.9,17.6,11.4,15.8
BU05990457,2016,Landzicht,Rotterdam,Buurt,1,"0,4",18 jaar of ouder,Waarde,Landzicht,Rotterdam,Buurt,65.2,41.2,21.6,30.3,44.3,77.9,10.2,8.0,43.8,.,.,10.3,13.6
BU05990457,2020,Landzicht,Rotterdam,Buurt,1,"0,5",18 jaar of ouder,Waarde,Landzicht,Rotterdam,Buurt,67.9,40.6,24.4,26.3,50.0,71.4,7.9,6.5,43.3,.,.,10.6,15.8
BU05990457,2022,Landzicht,Rotterdam,Buurt,1,0.5,18 jaar of ouder,Waarde,Landzicht,Rotterdam,Buurt,57.4,37.6,24.2,25.6,48.8,72.3,9.2,7.1,41.2,27.9,22.8,13.7,18.7
BU05990515,2016,Agniesebuurt,Rotterdam,Buurt,1,"0,2",18 jaar of ouder,Waarde,Agniesebuurt,Rotterdam,Buurt,65.5,54.6,15.9,30.1,51.1,64.3,10.5,6.3,37.3,.,.,13.5,16.7
BU05990515,2020,Agniesebuurt,Rotterdam,Buurt,3,"0,2",18 jaar of ouder,Waarde,Agniesebuurt,Rotterdam,Buurt,73.2,50.6,15.8,24.2,50.3,65.0,10.5,6.2,32.2,.,.,12.2,18.2
BU05990515,2022,Agniesebuurt,Rotterdam,Buurt,1,0.2,18 jaar of ouder,Waarde,Agniesebuurt,Rotterdam,Buurt,59.6,48.8,16.3,25.8,48.7,65.3,11.9,7.2,35.4,37.5,26.6,19.6,23.6
BU05990516,2016,Provenierswijk,Rotterdam,Buurt,1,"0,2",18 jaar of ouder,Waarde,Provenierswijk,Rotterdam,Buurt,72.3,58.3,12.4,28.7,43.3,73.8,11.5,6.5,32.4,.,.,10.7,13.7
BU05990516,2020,Provenierswijk,Rotterdam,Buurt,1,"0,2",18 jaar of ouder,Waarde,Provenierswijk,Rotterdam,Buurt,77.6,51.9,13.1,22.6,43.2,73.5,11.3,6.9,29.2,.,.,10.5,16.2
BU05990516,2022,Provenierswijk,Rotterdam,Buurt,1,0.3,18 jaar of ouder,Waarde,Provenierswijk,Rotterdam,Buurt,65.6,52.9,13.5,24.6,40.9,74.2,12.9,7.8,31.9,32.8,22.6,17.4,21.7
BU05990531,2016,Bergpolder,Rotterdam,Buurt,1,"0,3",18 jaar of ouder,Waarde,Bergpolder,Rotterdam,Buurt,75.9,60.6,10.7,31.2,35.1,81.5,12.9,6.8,29.8,.,.,9.5,12.6
BU05990531,2020,Bergpolder,Rotterdam,Buurt,1,"0,2",18 jaar of ouder,Waarde,Bergpolder,Rotterdam,Buurt,81.4,56.5,11.0,23.7,33.8,81.9,12.8,7.0,26.6,.,.,9.3,14.3
BU05990531,2022,Bergpolder,Rotterdam,Buurt,1,0.4,18 jaar of ouder,Waarde,Bergpolder,Rotterdam,Buurt,69.9,55.1,11.6,25.5,33.2,81.1,15.6,8.9,28.9,30.8,20.8,15.6,19.2
BU05990532,2016,Blijdorp,Rotterdam,Buurt,1,"0,4",18 jaar of ouder,Waarde,Blijdorp,Rotterdam,Buurt,78.9,58.3,10.2,24.5,34.3,86.0,10.8,7.1,29.8,.,.,6.1,9.5
BU05990532,2020,Blijdorp,Rotterdam,Buurt,1,"0,3",18 jaar of ouder,Waarde,Blijdorp,Rotterdam,Buurt,83.3,54.1,10.0,18.6,32.6,86.5,11.0,7.0,26.3,.,.,6.7,11.3
BU05990532,2022,Blijdorp,Rotterdam,Buurt,1,0.6,18 jaar of ouder,Waarde,Blijdorp,Rotterdam,Buurt,75.4,52.6,10.8,18.9,30.1,86.0,14.2,8.6,28.1,24.7,15.7,10.7,15.0
BU05990534,2016,Liskwartier,Rotterdam,Buurt,1,"0,2",18 jaar of ouder,Waarde,Liskwartier,Rotterdam,Buurt,70.9,55.1,13.4,27.2,44.2,73.3,10.7,6.3,34.5,.,.,10.3,13.2
BU05990534,2020,Liskwartier,Rotterdam,Buurt,1,"0,2",18 jaar of ouder,Waarde,Liskwartier,Rotterdam,Buurt,76.7,51.5,13.6,20.8,44.0,72.4,10.1,6.7,30.7,.,.,9.6,14.9
BU05990534,2022,Liskwartier,Rotterdam,Buurt,1,0.3,18 jaar of ouder,Waarde,Liskwartier,Rotterdam,Buurt,65.7,52.0,14.2,22.4,43.1,72.3,12.0,7.6,33.1,30.0,22.1,15.6,19.7
BU05990535,2016,Oude Noorden,Rotterdam,Buurt,1,"0,1",18 jaar of ouder,Waarde,Oude Noorden,Rotterdam,Buurt,64.3,52.6,16.6,30.5,53.2,61.8,10.3,5.5,37.1,.,.,13.9,16.8
BU05990535,2020,Oude Noorden,Rotterdam,Buurt,3,"0,2",18 jaar of ouder,Waarde,Oude Noorden,Rotterdam,Buurt,71.8,48.7,16.7,24.0,52.2,62.6,9.8,6.0,33.3,.,.,12.5,18.4
BU05990535,2022,Oude Noorden,Rotterdam,Buurt,1,0.2,18 jaar of ouder,Waarde,Oude Noorden,Rotterdam,Buurt,58.9,50.0,16.9,25.2,51.1,62.8,11.1,6.7,35.9,35.4,27.4,20.0,24.2
BU05990558,2016,Blijdorpsepolder,Rotterdam,Buurt,1,"1,1",18 jaar of ouder,Waarde,Blijdorpsepolder,Rotterdam,Buurt,68.7,46.9,18.1,27.6,39.1,81.3,10.3,8.6,39.9,.,.,10.4,11.6
BU05990558,2020,Blijdorpsepolder,Rotterdam,Buurt,1,"1,1",18 jaar of ouder,Waarde,Blijdorpsepolder,Rotterdam,Buurt,73.0,46.0,18.6,18.4,38.7,83.1,7.9,7.0,40.9,.,.,9.8,10.3
BU05990558,2022,Blijdorpsepolder,Rotterdam,Buurt,1,1.1,18 jaar of ouder,Waarde,Blijdorpsepolder,Rotterdam,Buurt,68.5,43.6,17.3,20.4,41.2,83.3,9.6,7.0,34.0,21.2,15.4,9.6,11.5
BU05990660,2016,Schiebroek,Rotterdam,Buurt,1,"1,5",18 jaar of ouder,Waarde,Schiebroek,Rotterdam,Buurt,68.7,47.1,16.1,23.9,49.9,73.2,7.8,5.9,38.1,.,.,10.0,13.8
BU05990660,2020,Schiebroek,Rotterdam,Buurt,3,"1,6",18 jaar of ouder,Waarde,Schiebroek,Rotterdam,Buurt,74.0,47.6,16.9,18.7,52.6,69.4,6.4,5.0,34.5,.,.,9.2,15.5
BU05990660,2022,Schiebroek,Rotterdam,Buurt,1,1.6,18 jaar of ouder,Waarde,Schiebroek,Rotterdam,Buurt,63.0,45.2,18.1,19.1,52.9,68.9,7.4,5.7,36.9,28.0,21.8,14.3,19.4
BU05990661,2016,Hillegersberg Zuid,Rotterdam,Buurt,1,"0,2",18 jaar of ouder,Waarde,Hillegersberg Zuid,Rotterdam,Buurt,80.5,55.8,11.8,22.5,36.1,86.1,9.8,6.9,29.8,.,.,5.6,8.9
BU05990661,2020,Hillegersberg Zuid,Rotterdam,Buurt,1,"0,2",18 jaar of ouder,Waarde,Hillegersberg Zuid,Rotterdam,Buurt,83.7,53.1,11.9,17.0,35.5,85.5,8.6,6.2,27.1,.,.,6.0,10.3
BU05990661,2022,Hillegersberg Zuid,Rotterdam,Buurt,1,0.3,18 jaar of ouder,Waarde,Hillegersberg Zuid,Rotterdam,Buurt,74.8,50.6,12.8,17.3,37.3,84.3,9.9,7.0,28.9,22.4,14.8,10.0,13.8
BU05990662,2016,Hillegersberg Noord,Rotterdam,Buurt,1,"1,8",18 jaar of ouder,Waarde,Hillegersberg Noord,Rotterdam,Buurt,72.8,46.1,14.0,19.3,43.4,80.8,7.8,7.1,36.9,.,.,7.1,11.0
BU05990662,2020,Hillegersberg Noord,Rotterdam,Buurt,3,"1,8",18 jaar of ouder,Waarde,Hillegersberg Noord,Rotterdam,Buurt,77.0,45.1,14.6,15.6,46.4,78.8,7.0,7.0,34.4,.,.,6.7,12.4
BU05990662,2022,Hillegersberg Noord,Rotterdam,Buurt,1,1.8,18 jaar of ouder,Waarde,Hillegersberg Noord,Rotterdam,Buurt,67.4,43.6,15.7,15.8,47.9,76.3,7.2,6.3,35.6,22.4,17.1,10.0,15.5
BU05990664,2016,Terbregge,Rotterdam,Buurt,1,"2,4",18 jaar of ouder,Waarde,Terbregge,Rotterdam,Buurt,81.5,50.9,13.1,18.3,39.5,83.8,8.0,6.0,28.9,.,.,5.0,7.8
BU05990664,2020,Terbregge,Rotterdam,Buurt,1,"2,7",18 jaar of ouder,Waarde,Terbregge,Rotterdam,Buurt,83.5,47.7,14.1,13.8,40.6,83.3,7.0,5.6,28.7,.,.,5.2,9.1
BU05990664,2022,Terbregge,Rotterdam,Buurt,1,2.8,18 jaar of ouder,Waarde,Terbregge,Rotterdam,Buurt,73.8,46.4,15.1,14.1,42.9,81.1,8.2,6.2,30.8,18.9,14.4,8.0,12.4
BU05990665,2016,Molenlaankwartier,Rotterdam,Buurt,1,"2,2",18 jaar of ouder,Waarde,Molenlaankwartier,Rotterdam,Buurt,80.7,49.2,10.6,14.1,37.9,87.7,7.1,6.9,31.4,.,.,3.9,7.3
BU05990665,2020,Molenlaankwartier,Rotterdam,Buurt,1,"2,2",18 jaar of ouder,Waarde,Molenlaankwartier,Rotterdam,Buurt,83.5,48.8,10.9,10.2,40.3,86.0,6.5,5.7,29.4,.,.,4.1,8.5
BU05990665,2022,Molenlaankwartier,Rotterdam,Buurt,1,2.3,18 jaar of ouder,Waarde,Molenlaankwartier,Rotterdam,Buurt,76.3,47.2,11.6,10.9,42.3,83.3,6.9,6.1,29.8,16.5,11.8,6.1,11.1
BU05990814,2016,Rubroek,Rotterdam,Buurt,1,"0,3",18 jaar of ouder,Waarde,Rubroek,Rotterdam,Buurt,67.6,54.4,15.2,29.5,46.6,70.2,11.8,6.2,35.3,.,.,11.8,15.4
BU05990814,2020,Rubroek,Rotterdam,Buurt,1,"0,3",18 jaar of ouder,Waarde,Rubroek,Rotterdam,Buurt,73.1,48.7,15.5,23.3,47.1,68.5,11.1,6.7,32.5,.,.,11.6,17.5
BU05990814,2022,Rubroek,Rotterdam,Buurt,1,0.4,18 jaar of ouder,Waarde,Rubroek,Rotterdam,Buurt,60.6,49.5,15.9,24.9,46.0,68.7,12.3,8.0,34.8,34.8,26.0,17.8,23.2
BU05990836,2016,Nieuw Crooswijk,Rotterdam,Buurt,1,"0,2",18 jaar of ouder,Waarde,Nieuw Crooswijk,Rotterdam,Buurt,69.1,54.0,15.6,30.5,47.7,67.9,11.1,6.1,34.0,.,.,12.6,15.4
BU05990836,2020,Nieuw Crooswijk,Rotterdam,Buurt,1,"0,2",18 jaar of ouder,Waarde,Nieuw Crooswijk,Rotterdam,Buurt,76.8,50.6,13.5,22.4,45.7,69.8,9.5,5.7,29.6,.,.,10.9,15.6
BU05990836,2022,Nieuw Crooswijk,Rotterdam,Buurt,3,0.3,18 jaar of ouder,Waarde,Nieuw Crooswijk,Rotterdam,Buurt,64.5,49.9,15.6,22.0,45.4,68.5,11.0,6.6,33.0,31.8,23.7,16.5,20.5
BU05990837,2016,Oud Crooswijk,Rotterdam,Buurt,1,"0,2",18 jaar of ouder,Waarde,Oud Crooswijk,Rotterdam,Buurt,57.8,48.5,20.0,31.1,60.6,54.3,9.4,5.2,42.2,.,.,16.6,19.4
BU05990837,2020,Oud Crooswijk,Rotterdam,Buurt,1,"0,2",18 jaar of ouder,Waarde,Oud Crooswijk,Rotterdam,Buurt,66.4,46.2,19.5,25.4,59.5,54.5,9.0,5.6,36.9,.,.,14.7,20.4
BU05990837,2022,Oud Crooswijk,Rotterdam,Buurt,1,0.2,18 jaar of ouder,Waarde,Oud Crooswijk,Rotterdam,Buurt,52.2,45.9,20.0,26.3,58.7,54.9,9.9,6.4,40.2,39.1,32.0,21.8,26.8
BU05990841,2016,Kralingen West,Rotterdam,Buurt,1,"0,2",18 jaar of ouder,Waarde,Kralingen West,Rotterdam,Buurt,70.7,55.5,13.0,28.7,44.3,71.6,12.4,6.9,33.6,.,.,10.8,14.5
BU05990841,2020,Kralingen West,Rotterdam,Buurt,1,"0,2",18 jaar of ouder,Waarde,Kralingen West,Rotterdam,Buurt,75.7,49.4,13.4,22.2,43.4,71.5,12.0,7.5,30.5,.,.,10.3,16.1
BU05990841,2022,Kralingen West,Rotterdam,Buurt,1,0.3,18 jaar of ouder,Waarde,Kralingen West,Rotterdam,Buurt,64.0,50.7,13.8,23.4,43.0,71.0,13.8,8.9,33.1,32.7,24.0,16.5,21.4
BU05990842,2016,Kralingen Oost,Rotterdam,Buurt,1,"0,4",18 jaar of ouder,Waarde,Kralingen Oost,Rotterdam,Buurt,82.6,58.3,7.8,20.5,33.1,88.0,11.8,8.2,27.0,.,.,4.9,9.1
BU05990842,2020,Kralingen Oost,Rotterdam,Buurt,1,"0,5",18 jaar of ouder,Waarde,Kralingen Oost,Rotterdam,Buurt,85.1,51.2,8.6,15.9,32.3,87.7,9.5,7.1,24.5,.,.,6.3,11.5
BU05990842,2022,Kralingen Oost,Rotterdam,Buurt,1,0.6,18 jaar of ouder,Waarde,Kralingen Oost,Rotterdam,Buurt,75.6,51.9,9.6,17.3,36.4,84.3,11.2,8.0,26.9,25.1,14.9,11.1,16.2
BU05990843,2016,Kralingse Bos,Rotterdam,Buurt,1,"1,3",18 jaar of ouder,Waarde,Kralingse Bos,Rotterdam,Buurt,74.0,43.8,17.7,27.4,41.6,79.3,9.5,7.8,35.2,.,.,7.8,10.6
BU05990843,2020,Kralingse Bos,Rotterdam,Buurt,1,"1,7",18 jaar of ouder,Waarde,Kralingse Bos,Rotterdam,Buurt,76.3,41.9,20.2,19.9,45.8,78.1,7.8,6.7,35.0,.,.,6.8,11.1
BU05990843,2022,Kralingse Bos,Rotterdam,Buurt,3,1.8,18 jaar of ouder,Waarde,Kralingse Bos,Rotterdam,Buurt,66.7,41.5,20.7,20.6,46.9,77.4,8.7,7.5,36.5,22.4,17.2,10.2,13.4
BU05990845,2016,De Esch,Rotterdam,Buurt,1,"0,7",18 jaar of ouder,Waarde,De Esch,Rotterdam,Buurt,69.7,44.7,15.7,24.7,47.1,76.0,8.6,6.4,36.4,.,.,10.3,16.0
BU05990845,2020,De Esch,Rotterdam,Buurt,1,"0,8",18 jaar of ouder,Waarde,De Esch,Rotterdam,Buurt,73.8,40.5,17.7,20.2,51.5,71.0,7.3,5.2,33.8,.,.,10.3,17.3
BU05990845,2022,De Esch,Rotterdam,Buurt,1,0.7,18 jaar of ouder,Waarde,De Esch,Rotterdam,Buurt,62.3,39.7,18.4,21.4,51.6,69.6,8.5,5.6,36.1,30.9,23.1,15.7,21.3
BU05990847,2016,Struisenburg,Rotterdam,Buurt,1,"0,6",18 jaar of ouder,Waarde,Struisenburg,Rotterdam,Buurt,80.2,60.8,8.2,27.6,32.7,85.1,14.4,8.6,26.0,.,.,6.8,12.7
BU05990847,2020,Struisenburg,Rotterdam,Buurt,1,"0,6",18 jaar of ouder,Waarde,Struisenburg,Rotterdam,Buurt,83.0,50.9,9.1,21.4,32.5,84.7,12.8,7.8,24.4,.,.,8.6,15.3
BU05990847,2022,Struisenburg,Rotterdam,Buurt,1,0.7,18 jaar of ouder,Waarde,Struisenburg,Rotterdam,Buurt,71.3,53.5,9.9,22.4,32.6,82.5,13.7,9.3,27.0,31.9,19.2,15.1,21.6
BU05991017,2016,Kop van Zuid,Rotterdam,Buurt,1,"0,5",18 jaar of ouder,Waarde,Kop van Zuid,Rotterdam,Buurt,83.8,59.2,9.6,24.9,33.8,85.2,11.0,6.8,22.6,.,.,6.5,10.8
BU05991017,2020,Kop van Zuid,Rotterdam,Buurt,1,"0,3",18 jaar of ouder,Waarde,Kop van Zuid,Rotterdam,Buurt,85.5,50.2,11.4,18.7,32.2,85.3,9.2,5.6,22.5,.,.,7.9,12.9
BU05991017,2022,Kop van Zuid,Rotterdam,Buurt,1,0.4,18 jaar of ouder,Waarde,Kop van Zuid,Rotterdam,Buurt,73.7,50.5,12.5,20.2,36.0,82.3,11.9,7.5,27.3,27.8,17.6,13.4,17.6
BU05991079,2016,Kop van Zuid - Entrepot,Rotterdam,Buurt,1,"0,4",18 jaar of ouder,Waarde,Kop van Zuid - Entrepot,Rotterdam,Buurt,67.1,47.5,16.9,24.7,53.5,65.4,7.7,5.5,36.1,.,.,11.5,15.6
BU05991079,2020,Kop van Zuid - Entrepot,Rotterdam,Buurt,1,"0,4",18 jaar of ouder,Waarde,Kop van Zuid - Entrepot,Rotterdam,Buurt,73.0,42.5,18.9,20.6,56.1,61.3,6.9,4.7,32.9,.,.,10.7,17.3
BU05991079,2022,Kop van Zuid - Entrepot,Rotterdam,Buurt,1,0.5,18 jaar of ouder,Waarde,Kop van Zuid - Entrepot,Rotterdam,Buurt,61.1,43.1,18.2,20.7,55.1,61.1,8.6,5.3,36.3,31.5,25.3,16.6,22.2
BU05991080,2016,Vreewijk,Rotterdam,Buurt,1,"0,4",18 jaar of ouder,Waarde,Vreewijk,Rotterdam,Buurt,59.4,42.0,21.6,29.9,56.6,65.4,9.0,6.2,43.6,.,.,13.2,17.3
BU05991080,2020,Vreewijk,Rotterdam,Buurt,1,"0,4",18 jaar of ouder,Waarde,Vreewijk,Rotterdam,Buurt,66.1,38.9,23.1,25.7,59.8,60.9,7.1,5.6,39.2,.,.,12.3,19.3
BU05991080,2022,Vreewijk,Rotterdam,Buurt,1,0.5,18 jaar of ouder,Waarde,Vreewijk,Rotterdam,Buurt,55.1,40.5,22.4,26.1,56.5,62.8,9.3,6.5,40.8,34.1,27.4,18.0,23.4
BU05991081,2016,Bloemhof,Rotterdam,Buurt,1,"0,2",18 jaar of ouder,Waarde,Bloemhof,Rotterdam,Buurt,59.6,44.2,21.2,34.4,66.3,49.7,7.4,4.4,39.3,.,.,16.7,19.6
BU05991081,2020,Bloemhof,Rotterdam,Buurt,1,"0,2",18 jaar of ouder,Waarde,Bloemhof,Rotterdam,Buurt,68.5,41.9,22.4,28.3,65.5,49.7,7.4,4.6,34.3,.,.,15.1,21.8
BU05991081,2022,Bloemhof,Rotterdam,Buurt,1,0.3,18 jaar of ouder,Waarde,Bloemhof,Rotterdam,Buurt,53.0,43.5,22.9,29.1,61.2,52.5,9.0,5.4,38.0,40.4,33.7,22.6,28.0
BU05991082,2016,Hillesluis,Rotterdam,Buurt,1,"0,2",18 jaar of ouder,Waarde,Hillesluis,Rotterdam,Buurt,60.5,43.6,20.8,32.9,69.1,45.1,6.7,3.6,37.9,.,.,16.5,19.8
BU05991082,2020,Hillesluis,Rotterdam,Buurt,1,"0,2",18 jaar of ouder,Waarde,Hillesluis,Rotterdam,Buurt,69.4,40.2,21.8,26.5,68.1,46.2,6.1,3.6,32.6,.,.,14.7,22.1
BU05991082,2022,Hillesluis,Rotterdam,Buurt,1,0.3,18 jaar of ouder,Waarde,Hillesluis,Rotterdam,Buurt,54.5,43.2,22.3,26.7,63.9,49.9,8.5,4.6,36.3,39.7,31.8,22.4,28.0
BU05991085,2016,Katendrecht,Rotterdam,Buurt,1,"0,2",18 jaar of ouder,Waarde,Katendrecht,Rotterdam,Buurt,66.9,46.3,18.1,25.2,53.4,68.6,7.4,5.3,36.9,.,.,11.0,15.4
BU05991085,2020,Katendrecht,Rotterdam,Buurt,1,"0,2",18 jaar of ouder,Waarde,Katendrecht,Rotterdam,Buurt,76.1,45.4,16.4,19.6,47.8,70.1,8.0,4.6,30.4,.,.,9.4,15.6
BU05991085,2022,Katendrecht,Rotterdam,Buurt,1,0.3,18 jaar of ouder,Waarde,Katendrecht,Rotterdam,Buurt,66.6,47.2,16.1,20.2,48.0,71.7,9.7,5.6,32.5,28.7,20.9,14.0,18.9
BU05991086,2016,Afrikaanderwijk,Rotterdam,Buurt,1,"0,1",18 jaar of ouder,Waarde,Afrikaanderwijk,Rotterdam,Buurt,53.7,40.6,23.0,31.6,71.3,42.0,6.1,3.6,43.0,.,.,19.1,21.2
BU05991086,2020,Afrikaanderwijk,Rotterdam,Buurt,1,"0,2",18 jaar of ouder,Waarde,Afrikaanderwijk,Rotterdam,Buurt,65.3,39.7,23.4,25.2,70.2,43.6,5.8,3.5,36.0,.,.,15.4,21.9
BU05991086,2022,Afrikaanderwijk,Rotterdam,Buurt,1,0.3,18 jaar of ouder,Waarde,Afrikaanderwijk,Rotterdam,Buurt,50.4,41.1,21.9,25.6,67.7,45.2,7.6,4.3,40.2,40.1,35.3,22.9,28.5
BU05991087,2016,Feijenoord,Rotterdam,Buurt,1,"0,2",18 jaar of ouder,Waarde,Feijenoord,Rotterdam,Buurt,53.8,42.0,22.5,30.0,69.1,44.3,6.3,3.7,43.0,.,.,18.9,22.9
BU05991087,2020,Feijenoord,Rotterdam,Buurt,1,"0,2",18 jaar of ouder,Waarde,Feijenoord,Rotterdam,Buurt,63.7,40.2,23.9,24.9,70.4,43.2,5.3,3.2,37.5,.,.,15.8,23.8
BU05991087,2022,Feijenoord,Rotterdam,Buurt,1,0.4,18 jaar of ouder,Waarde,Feijenoord,Rotterdam,Buurt,50.0,41.5,23.2,24.9,68.4,45.0,6.6,3.9,40.9,40.6,34.3,23.6,28.7
BU05991088,2016,Noordereiland,Rotterdam,Buurt,1,"0,2",18 jaar of ouder,Waarde,Noordereiland,Rotterdam,Buurt,69.2,49.8,14.7,27.6,42.7,76.8,10.3,7.2,35.9,.,.,10.1,14.5
BU05991088,2020,Noordereiland,Rotterdam,Buurt,1,"0,1",18 jaar of ouder,Waarde,Noordereiland,Rotterdam,Buurt,76.5,45.0,15.9,21.6,41.7,74.5,10.0,6.3,31.8,.,.,9.4,15.3
BU05991088,2022,Noordereiland,Rotterdam,Buurt,1,0.3,18 jaar of ouder,Waarde,Noordereiland,Rotterdam,Buurt,65.3,47.1,15.6,22.2,41.6,73.8,11.4,7.3,34.0,29.6,21.4,14.4,20.0
BU05991283,2016,Oud IJsselmonde,Rotterdam,Buurt,1,"0,9",18 jaar of ouder,Waarde,Oud IJsselmonde,Rotterdam,Buurt,77.1,43.9,16.4,22.5,48.1,77.8,7.7,6.1,32.5,.,.,6.4,10.6
BU05991283,2020,Oud IJsselmonde,Rotterdam,Buurt,1,"0,7",18 jaar of ouder,Waarde,Oud IJsselmonde,Rotterdam,Buurt,79.4,42.0,17.5,17.5,51.1,73.5,6.2,5.2,30.6,.,.,7.0,12.0
BU05991283,2022,Oud IJsselmonde,Rotterdam,Buurt,1,0.8,18 jaar of ouder,Waarde,Oud IJsselmonde,Rotterdam,Buurt,69.1,39.6,18.4,18.3,51.1,72.3,7.8,5.5,32.4,24.0,18.9,11.5,16.4
BU05991284,2016,Lombardijen,Rotterdam,Buurt,1,"0,8",18 jaar of ouder,Waarde,Lombardijen,Rotterdam,Buurt,63.8,40.1,20.0,28.3,59.6,64.5,7.1,4.9,39.5,.,.,12.0,17.6
BU05991284,2020,Lombardijen,Rotterdam,Buurt,1,"0,8",18 jaar of ouder,Waarde,Lombardijen,Rotterdam,Buurt,70.0,37.8,22.3,23.8,62.6,58.3,5.7,4.1,35.5,.,.,11.5,18.7
BU05991284,2022,Lombardijen,Rotterdam,Buurt,1,1.6,18 jaar of ouder,Waarde,Lombardijen,Rotterdam,Buurt,57.4,39.0,22.0,24.5,60.7,59.9,7.0,4.8,37.8,34.1,26.9,17.9,23.9
BU05991289,2016,Groot IJsselmonde,Rotterdam,Buurt,1,"1,1",18 jaar of ouder,Waarde,Groot IJsselmonde,Rotterdam,Buurt,65.3,40.5,19.6,26.3,56.7,68.2,7.7,5.2,39.5,.,.,10.7,15.4
BU05991289,2020,Groot IJsselmonde,Rotterdam,Buurt,1,"1,1",18 jaar of ouder,Waarde,Groot IJsselmonde,Rotterdam,Buurt,70.2,37.5,21.4,22.2,60.5,62.9,6.0,4.6,36.4,.,.,10.3,16.7
BU05991289,2022,Groot IJsselmonde,Rotterdam,Buurt,1,1.2,18 jaar of ouder,Waarde,Groot IJsselmonde,Rotterdam,Buurt,58.5,37.9,22.4,22.7,58.8,62.8,7.2,5.1,38.5,30.9,24.9,15.9,21.5
BU05991290,2016,Beverwaard,Rotterdam,Buurt,1,"0,6",18 jaar of ouder,Waarde,Beverwaard,Rotterdam,Buurt,68.0,42.2,20.4,28.4,55.7,69.4,7.6,4.8,36.5,.,.,11.1,15.7
BU05991290,2020,Beverwaard,Rotterdam,Buurt,1,"0,6",18 jaar of ouder,Waarde,Beverwaard,Rotterdam,Buurt,72.2,40.0,22.2,23.8,60.1,64.3,5.9,4.2,34.1,.,.,10.7,17.0
BU05991290,2022,Beverwaard,Rotterdam,Buurt,1,0.7,18 jaar of ouder,Waarde,Beverwaard,Rotterdam,Buurt,59.4,39.4,23.7,24.3,58.7,62.5,8.2,4.9,37.0,31.6,25.4,16.9,22.2
BU05991391,2016,Pernis,Rotterdam,Buurt,1,5,18 jaar of ouder,Waarde,Pernis,Rotterdam,Buurt,75.6,43.8,18.3,22.4,42.8,80.7,9.0,7.2,34.7,.,.,6.1,9.5
BU05991391,2020,Pernis,Rotterdam,Buurt,1,5,18 jaar of ouder,Waarde,Pernis,Rotterdam,Buurt,77.6,42.7,18.9,18.4,44.4,78.4,7.2,5.9,32.6,.,.,6.4,11.2
BU05991391,2022,Pernis,Rotterdam,Buurt,1,5.5,18 jaar of ouder,Waarde,Pernis,Rotterdam,Buurt,69.0,38.3,20.0,19.2,45.4,77.4,9.0,6.8,33.5,21.5,17.0,9.5,13.9
BU05991444,2016,'s Gravenland,Rotterdam,Buurt,1,2,18 jaar of ouder,Waarde,'s-Gravenland,Rotterdam,Buurt,79.8,48.4,13.0,18.7,40.4,83.6,7.9,6.7,31.3,.,.,5.3,8.6
BU05991444,2020,'s-Gravenland,Rotterdam,Buurt,1,"2,3",18 jaar of ouder,Waarde,'s-Gravenland,Rotterdam,Buurt,81.6,43.6,14.0,14.2,43.8,81.3,7.1,5.6,29.9,.,.,5.9,10.3
BU05991444,2022,'s-Gravenland,Rotterdam,Buurt,1,2.4,18 jaar of ouder,Waarde,'s-Gravenland,Rotterdam,Buurt,71.8,43.2,15.2,15.0,45.3,78.9,7.8,6.1,32.0,20.9,15.3,9.2,13.6
BU05991446,2016,Kralingseveer,Rotterdam,Buurt,1,"0,2",18 jaar of ouder,Waarde,Kralingseveer,Rotterdam,Buurt,76.9,47.0,15.8,22.1,42.8,82.6,8.2,6.1,33.0,.,.,6.4,10.0
BU05991446,2020,Kralingseveer,Rotterdam,Buurt,1,"0,2",18 jaar of ouder,Waarde,Kralingseveer,Rotterdam,Buurt,79.2,44.1,17.1,17.3,45.4,78.3,7.2,5.5,31.1,.,.,7.0,11.5
BU05991446,2022,Kralingseveer,Rotterdam,Buurt,1,0.4,18 jaar of ouder,Waarde,Kralingseveer,Rotterdam,Buurt,69.3,41.0,18.0,18.2,46.6,77.2,8.6,6.2,32.8,23.4,17.5,10.5,15.8
BU05991448,2016,Prinsenland,Rotterdam,Buurt,1,"1,2",18 jaar of ouder,Waarde,Prinsenland,Rotterdam,Buurt,68.6,43.8,16.5,22.3,48.1,76.0,8.7,6.6,39.7,.,.,8.6,12.9
BU05991448,2020,Prinsenland,Rotterdam,Buurt,1,"1,5",18 jaar of ouder,Waarde,Prinsenland,Rotterdam,Buurt,72.3,39.5,18.5,18.8,52.5,72.6,7.1,5.6,37.6,.,.,8.3,14.7
BU05991448,2022,Prinsenland,Rotterdam,Buurt,1,1.4,18 jaar of ouder,Waarde,Prinsenland,Rotterdam,Buurt,61.8,39.0,19.0,18.4,52.9,71.1,7.2,6.2,39.3,25.7,20.4,12.1,18.1
BU05991449,2016,Het Lage Land,Rotterdam,Buurt,1,"0,5",18 jaar of ouder,Waarde,Het Lage Land,Rotterdam,Buurt,69.9,47.0,15.3,23.9,46.3,77.4,9.3,6.4,37.3,.,.,8.7,13.1
BU05991449,2020,Het Lage Land,Rotterdam,Buurt,1,"0,5",18 jaar of ouder,Waarde,Het Lage Land,Rotterdam,Buurt,74.0,42.0,16.5,19.9,50.0,74.4,7.6,5.5,34.0,.,.,8.8,15.3
BU05991449,2022,Het Lage Land,Rotterdam,Buurt,1,0.5,18 jaar of ouder,Waarde,Het Lage Land,Rotterdam,Buurt,63.3,42.0,17.6,20.6,49.4,73.1,8.8,6.7,36.0,28.7,20.9,13.8,19.5
BU05991463,2016,Ommoord,Rotterdam,Buurt,1,"1,3",18 jaar of ouder,Waarde,Ommoord,Rotterdam,Buurt,67.8,43.2,17.2,21.8,50.5,76.2,8.2,6.7,41.3,.,.,8.4,12.4
BU05991463,2020,Ommoord,Rotterdam,Buurt,1,"1,4",18 jaar of ouder,Waarde,Ommoord,Rotterdam,Buurt,71.7,39.5,18.5,18.3,53.9,71.9,6.3,5.3,38.1,.,.,8.0,14.0
BU05991463,2022,Ommoord,Rotterdam,Buurt,1,1.4,18 jaar of ouder,Waarde,Ommoord,Rotterdam,Buurt,61.4,39.7,19.1,18.1,53.6,71.1,7.1,6.2,38.9,25.7,20.4,12.2,17.7
BU05991466,2016,Zevenkamp,Rotterdam,Buurt,1,"0,6",18 jaar of ouder,Waarde,Zevenkamp,Rotterdam,Buurt,70.2,46.5,17.9,24.8,50.2,75.1,8.4,6.0,37.8,.,.,9.4,13.5
BU05991466,2020,Zevenkamp,Rotterdam,Buurt,1,"0,6",18 jaar of ouder,Waarde,Zevenkamp,Rotterdam,Buurt,74.0,42.7,19.3,20.7,54.7,70.6,6.5,5.0,35.6,.,.,8.9,14.9
BU05991466,2022,Zevenkamp,Rotterdam,Buurt,1,0.7,18 jaar of ouder,Waarde,Zevenkamp,Rotterdam,Buurt,62.2,41.3,20.2,20.9,53.8,69.7,7.8,5.7,37.7,27.5,21.3,13.9,19.2
BU05991467,2016,Oosterflank,Rotterdam,Buurt,1,"0,6",18 jaar of ouder,Waarde,Oosterflank,Rotterdam,Buurt,66.2,46.1,18.2,25.9,51.1,73.7,8.9,6.4,40.6,.,.,10.4,15.1
BU05991467,2020,Oosterflank,Rotterdam,Buurt,1,"0,6",18 jaar of ouder,Waarde,Oosterflank,Rotterdam,Buurt,70.5,40.8,19.5,21.7,55.8,69.3,7.0,5.2,37.4,.,.,9.9,17.2
BU05991467,2022,Oosterflank,Rotterdam,Buurt,1,1.3,18 jaar of ouder,Waarde,Oosterflank,Rotterdam,Buurt,58.7,40.3,20.5,22.1,55.2,67.1,8.0,6.0,40.7,30.3,23.6,15.4,21.6
BU05991468,2016,Nesselande,Rotterdam,Buurt,1,"2,4",18 jaar of ouder,Waarde,Nesselande,Rotterdam,Buurt,82.6,48.6,13.0,17.4,43.7,82.6,7.4,5.0,28.0,.,.,4.7,7.5
BU05991468,2020,Nesselande,Rotterdam,Buurt,1,"2,4",18 jaar of ouder,Waarde,Nesselande,Rotterdam,Buurt,84.4,45.9,13.3,12.7,47.1,80.1,5.8,4.5,27.0,.,.,5.1,9.1
BU05991468,2022,Nesselande,Rotterdam,Buurt,1,2.7,18 jaar of ouder,Waarde,Nesselande,Rotterdam,Buurt,74.9,44.0,14.5,13.3,47.0,79.0,7.8,5.3,28.9,18.5,14.4,7.6,12.6
BU05991570,2016,Charlois Zuidrand,Rotterdam,Buurt,1,"1,3",18 jaar of ouder,Waarde,Charlois Zuidrand,Rotterdam,Buurt,77.5,45.2,15.6,18.0,45.8,82.0,7.3,6.3,33.0,.,.,4.4,7.5
BU05991570,2020,Charlois Zuidrand,Rotterdam,Buurt,3,"1,4",18 jaar of ouder,Waarde,Charlois Zuidrand,Rotterdam,Buurt,79.6,43.3,16.8,15.8,48.7,78.4,6.2,5.6,31.0,.,.,6.8,12.3
BU05991570,2022,Charlois Zuidrand,Rotterdam,Buurt,1,1.3,18 jaar of ouder,Waarde,Charlois Zuidrand,Rotterdam,Buurt,68.7,41.8,16.4,18.2,51.3,74.8,7.6,5.5,33.0,23.0,17.1,9.7,16.9
BU05991571,2016,Tarwewijk,Rotterdam,Buurt,1,"0,2",18 jaar of ouder,Waarde,Tarwewijk,Rotterdam,Buurt,65.7,49.5,17.8,35.0,56.7,60.8,8.9,4.8,34.1,.,.,13.8,18.4
BU05991571,2020,Tarwewijk,Rotterdam,Buurt,1,"0,2",18 jaar of ouder,Waarde,Tarwewijk,Rotterdam,Buurt,73.6,45.9,20.0,29.2,57.7,60.4,9.1,5.2,30.3,.,.,13.1,19.8
BU05991571,2022,Tarwewijk,Rotterdam,Buurt,1,0.4,18 jaar of ouder,Waarde,Tarwewijk,Rotterdam,Buurt,58.4,46.6,18.8,29.9,53.0,63.5,10.7,6.1,34.3,37.6,30.2,20.4,26.4
BU05991572,2016,Carnisse,Rotterdam,Buurt,1,"0,3",18 jaar of ouder,Waarde,Carnisse,Rotterdam,Buurt,69.3,50.1,16.5,35.3,51.4,68.6,10.1,5.4,32.6,.,.,11.7,17.0
BU05991572,2020,Carnisse,Rotterdam,Buurt,1,"0,3",18 jaar of ouder,Waarde,Carnisse,Rotterdam,Buurt,75.3,45.9,19.0,29.7,51.4,68.4,8.7,5.4,29.7,.,.,11.8,18.7
BU05991572,2022,Carnisse,Rotterdam,Buurt,1,0.3,18 jaar of ouder,Waarde,Carnisse,Rotterdam,Buurt,61.2,45.8,18.3,30.0,47.7,70.1,11.3,6.6,32.9,35.6,25.5,18.6,25.0
BU05991573,2016,Zuidwijk,Rotterdam,Buurt,1,"1,3",18 jaar of ouder,Waarde,Zuidwijk,Rotterdam,Buurt,61.0,39.9,20.7,29.5,59.8,63.5,7.9,5.0,41.2,.,.,13.5,18.2
BU05991573,2020,Zuidwijk,Rotterdam,Buurt,3,"1,3",18 jaar of ouder,Waarde,Zuidwijk,Rotterdam,Buurt,68.3,38.8,23.1,25.0,63.4,56.4,6.0,4.1,36.5,.,.,12.4,19.6
BU05991573,2022,Zuidwijk,Rotterdam,Buurt,1,1.3,18 jaar of ouder,Waarde,Zuidwijk,Rotterdam,Buurt,54.9,37.8,23.0,25.7,62.1,57.8,7.2,4.7,39.9,35.3,28.3,18.4,24.9
BU05991574,2016,Oud Charlois,Rotterdam,Buurt,1,"0,3",18 jaar of ouder,Waarde,Oud Charlois,Rotterdam,Buurt,66.6,47.5,18.4,30.9,55.1,65.5,8.7,5.0,36.5,.,.,12.5,16.7
BU05991574,2020,Oud Charlois,Rotterdam,Buurt,1,"0,4",18 jaar of ouder,Waarde,Oud Charlois,Rotterdam,Buurt,73.4,45.4,19.4,25.1,55.8,64.2,7.3,4.4,32.1,.,.,11.6,18.3
BU05991574,2022,Oud Charlois,Rotterdam,Buurt,1,0.5,18 jaar of ouder,Waarde,Oud Charlois,Rotterdam,Buurt,60.5,45.4,19.6,26.0,54.4,65.6,8.7,5.6,35.3,33.9,25.2,17.6,23.4
BU05991575,2016,Wielewaal,Rotterdam,Buurt,1,"0,9",18 jaar of ouder,Waarde,Wielewaal,Rotterdam,Buurt,56.8,34.4,22.8,28.4,57.3,67.9,7.6,6.2,48.7,.,.,12.1,16.9
BU05991575,2020,Wielewaal,Rotterdam,Buurt,1,"0,8",18 jaar of ouder,Waarde,Wielewaal,Rotterdam,Buurt,62.3,35.8,22.9,25.0,57.3,65.8,7.0,5.5,45.5,.,.,10.2,18.7
BU05991575,2022,Wielewaal,Rotterdam,Buurt,3,1.2,18 jaar of ouder,Waarde,Wielewaal,Rotterdam,Buurt,52.7,35.7,23.7,24.9,56.6,66.3,7.9,6.5,45.6,30.5,25.4,15.3,22.2
BU05991576,2016,Zuidplein,Rotterdam,Buurt,1,"0,3",18 jaar of ouder,Waarde,Zuidplein,Rotterdam,Buurt,67.8,44.9,16.7,30.8,51.6,70.6,9.0,5.8,36.6,.,.,9.8,15.1
BU05991576,2020,Zuidplein,Rotterdam,Buurt,1,"0,3",18 jaar of ouder,Waarde,Zuidplein,Rotterdam,Buurt,73.4,39.2,18.6,24.1,52.4,67.1,7.9,5.9,33.0,.,.,10.1,17.2
BU05991576,2022,Zuidplein,Rotterdam,Buurt,1,0.3,18 jaar of ouder,Waarde,Zuidplein,Rotterdam,Buurt,61.1,41.2,18.8,25.8,49.8,68.8,10.2,6.7,35.2,31.5,23.7,15.9,22.4
BU05991577,2016,Pendrecht,Rotterdam,Buurt,1,"0,5",18 jaar of ouder,Waarde,Pendrecht,Rotterdam,Buurt,63.0,41.6,20.4,28.4,62.0,60.5,6.9,4.3,38.3,.,.,13.3,17.9
BU05991577,2020,Pendrecht,Rotterdam,Buurt,3,"0,5",18 jaar of ouder,Waarde,Pendrecht,Rotterdam,Buurt,70.0,40.2,22.7,24.5,65.3,55.2,5.6,3.5,34.1,.,.,12.3,20.4
BU05991577,2022,Pendrecht,Rotterdam,Buurt,1,0.5,18 jaar of ouder,Waarde,Pendrecht,Rotterdam,Buurt,56.2,39.8,22.2,25.0,64.3,55.3,6.6,4.1,37.3,35.5,28.0,19.0,25.1
BU05991578,2016,Zuiderpark,Rotterdam,Buurt,1,"0,7",18 jaar of ouder,Waarde,Zuiderpark,Rotterdam,Buurt,58.1,34.1,21.3,22.9,54.8,74.1,9.5,7.6,50.6,.,.,10.9,17.2
BU05991578,2020,Zuiderpark,Rotterdam,Buurt,1,"0,8",18 jaar of ouder,Waarde,Zuiderpark,Rotterdam,Buurt,65.1,34.4,21.5,23.0,59.4,62.8,7.0,6.6,44.1,.,.,11.1,16.6
BU05991578,2022,Zuiderpark,Rotterdam,Buurt,3,0.6,18 jaar of ouder,Waarde,Zuiderpark,Rotterdam,Buurt,61.9,40.8,19.2,23.1,56.4,62.8,7.1,5.2,36.6,28.9,22.3,14.5,20.9
BU05991593,2016,Heijplaat,Rotterdam,Buurt,1,"4,6",18 jaar of ouder,Waarde,Heijplaat,Rotterdam,Buurt,67.0,39.1,21.9,26.3,48.1,73.5,9.5,6.7,38.6,.,.,9.9,12.9
BU05991593,2020,Heijplaat,Rotterdam,Buurt,1,"4,6",18 jaar of ouder,Waarde,Heijplaat,Rotterdam,Buurt,73.8,40.9,21.2,21.5,47.9,74.8,7.3,4.6,33.6,.,.,8.8,14.3
BU05991593,2022,Heijplaat,Rotterdam,Buurt,1,4.7,18 jaar of ouder,Waarde,Heijplaat,Rotterdam,Buurt,62.9,37.4,22.3,23.2,51.4,70.1,8.9,6.2,35.1,27.0,21.3,12.9,17.5
BU05991692,2016,Hoogvliet Noord,Rotterdam,Buurt,1,"0,9",18 jaar of ouder,Waarde,Hoogvliet Noord,Rotterdam,Buurt,69.9,42.4,21.1,26.2,52.2,73.7,7.7,4.9,36.9,.,.,9.1,12.8
BU05991692,2020,Hoogvliet Noord,Rotterdam,Buurt,1,"0,8",18 jaar of ouder,Waarde,Hoogvliet Noord,Rotterdam,Buurt,74.8,40.6,21.4,20.3,56.2,69.6,5.9,4.3,33.7,.,.,9.5,15.1
BU05991692,2022,Hoogvliet Noord,Rotterdam,Buurt,1,0.9,18 jaar of ouder,Waarde,Hoogvliet Noord,Rotterdam,Buurt,63.2,40.0,22.2,21.1,56.0,69.0,7.3,4.9,35.6,27.5,21.6,13.5,18.9
BU05991699,2016,Hoogvliet Zuid,Rotterdam,Buurt,1,"0,8",18 jaar of ouder,Waarde,Hoogvliet Zuid,Rotterdam,Buurt,69.0,41.6,20.0,24.5,50.4,76.7,7.5,5.4,38.9,.,.,8.3,11.9
BU05991699,2020,Hoogvliet Zuid,Rotterdam,Buurt,1,"0,9",18 jaar of ouder,Waarde,Hoogvliet Zuid,Rotterdam,Buurt,72.8,37.9,21.5,19.8,54.8,71.6,6.0,5.0,36.1,.,.,8.5,14.3
BU05991699,2022,Hoogvliet Zuid,Rotterdam,Buurt,1,0.9,18 jaar of ouder,Waarde,Hoogvliet Zuid,Rotterdam,Buurt,62.4,38.8,22.3,20.4,54.4,70.6,7.3,5.5,38.1,26.3,20.7,12.6,17.4
BU05991701,2016,Strand en Duin,Rotterdam,Buurt,1,"1,5",18 jaar of ouder,Waarde,Strand en Duin,Rotterdam,Buurt,85.7,54.9,11.4,17.7,31.7,89.8,7.8,6.8,27.8,.,.,3.3,5.8
BU05991701,2020,Strand en Duin,Rotterdam,Buurt,3,"1,5",18 jaar of ouder,Waarde,Strand en Duin,Rotterdam,Buurt,85.1,52.5,12.0,13.6,33.6,88.1,8.2,6.0,27.1,.,.,3.6,6.7
BU05991701,2022,Strand en Duin,Rotterdam,Buurt,3,1.6,18 jaar of ouder,Waarde,Strand en Duin,Rotterdam,Buurt,78.0,51.2,15.7,13.5,34.3,87.1,10.0,7.3,27.4,15.7,11.2,5.7,9.1
BU05991702,2016,Dorp,Rotterdam,Buurt,1,"0,6",18 jaar of ouder,Waarde,Dorp,Rotterdam,Buurt,73.0,48.0,16.5,22.4,42.0,82.7,7.8,7.3,38.8,.,.,7.2,10.8
BU05991702,2020,Dorp,Rotterdam,Buurt,3,"0,6",18 jaar of ouder,Waarde,Dorp,Rotterdam,Buurt,73.5,45.7,17.6,18.7,42.9,79.3,7.7,5.9,37.6,.,.,6.9,12.8
BU05991702,2022,Dorp,Rotterdam,Buurt,3,0.6,18 jaar of ouder,Waarde,Dorp,Rotterdam,Buurt,64.6,43.5,20.9,19.5,45.9,78.5,8.7,6.9,38.2,21.7,18.2,9.8,15.1
BU05991703,2016,Rijnpoort,Rotterdam,Buurt,1,"2,3",18 jaar of ouder,Waarde,Rijnpoort,Rotterdam,Buurt,82.2,50.0,11.5,18.7,35.6,87.4,9.9,8.0,28.0,.,.,3.5,7.2
BU05991703,2020,Rijnpoort,Rotterdam,Buurt,3,"2,3",18 jaar of ouder,Waarde,Rijnpoort,Rotterdam,Buurt,81.7,51.8,12.5,11.9,37.4,84.6,8.0,6.2,26.7,.,.,5.3,7.3
BU05991703,2022,Rijnpoort,Rotterdam,Buurt,1,2.3,18 jaar of ouder,Waarde,Rijnpoort,Rotterdam,Buurt,76.5,52.7,13.3,16.0,38.4,83.7,9.8,8.0,26.6,14.7,11.4,5.7,9.7
BU05991853,2016,Spaanse Polder,Rotterdam,Buurt,1,"0,8",18 jaar of ouder,Waarde,Spaanse Polder,Rotterdam,Buurt,75.9,45.6,15.8,23.2,43.5,81.3,8.9,7.3,33.5,.,.,6.5,10.4
BU05991853,2020,Spaanse Polder,Rotterdam,Buurt,1,"0,8",18 jaar of ouder,Waarde,Spaanse Polder,Rotterdam,Buurt,78.9,46.5,17.6,20.0,45.2,78.8,7.4,6.2,32.5,.,.,5.4,12.4
BU05991853,2022,Spaanse Polder,Rotterdam,Buurt,1,0.9,18 jaar of ouder,Waarde,Spaanse Polder,Rotterdam,Buurt,71.9,43.9,16.7,16.9,43.9,79.8,8.0,7.2,32.2,17.8,13.5,7.8,13.4
BU05991926,2016,Nieuw Mathenesse,Rotterdam,Buurt,3,"0,4",18 jaar of ouder,Waarde,Nieuw Mathenesse,Rotterdam,Buurt,62.9,41.5,24.4,45.5,48.6,65.9,10.2,8.4,40.5,.,.,12.8,25.8
BU05991926,2020,Nieuw Mathenesse,Rotterdam,Buurt,1,"0,1",18 jaar of ouder,Waarde,Nieuw Mathenesse,Rotterdam,Buurt,87.3,51.1,8.8,23.3,41.4,82.0,8.6,4.3,17.4,.,.,9.0,18.2
BU05991926,2022,Nieuw Mathenesse,Rotterdam,Buurt,1,0.1,18 jaar of ouder,Waarde,Nieuw Mathenesse,Rotterdam,Buurt,74.2,52.8,11.8,27.2,42.9,79.7,8.5,4.8,21.3,34.7,20.0,15.8,27.6
BU05992194,2016,Waalhaven,Rotterdam,Buurt,1,NA,18 jaar of ouder,Waarde,Waalhaven,Rotterdam,Buurt,.,.,.,.,.,.,.,.,.,.,.,.,.
BU05992194,2020,Waalhaven,Rotterdam,Buurt,1,NA,18 jaar of ouder,Waarde,Waalhaven,Rotterdam,Buurt,.,.,.,.,.,.,.,.,.,.,.,.,.
BU05992194,2022,Waalhaven,Rotterdam,Buurt,1,2.4,18 jaar of ouder,Waarde,Waalhaven,Rotterdam,Buurt,.,.,.,.,.,.,.,.,.,.,.,.,.
BU05992196,2016,Eemhaven,Rotterdam,Buurt,1,"4,9",18 jaar of ouder,Waarde,Eemhaven,Rotterdam,Buurt,64.8,38.1,15.1,36.9,51.0,73.8,8.7,7.7,41.6,.,.,6.2,10.1
BU05992196,2020,Eemhaven,Rotterdam,Buurt,1,"4,5",18 jaar of ouder,Waarde,Eemhaven,Rotterdam,Buurt,78.1,51.5,15.2,33.4,45.9,73.3,7.6,6.1,38.8,.,.,5.7,12.9
BU05992196,2022,Eemhaven,Rotterdam,Buurt,1,4.6,18 jaar of ouder,Waarde,Eemhaven,Rotterdam,Buurt,68.1,39.3,19.7,21.7,45.6,77.0,11.7,8.1,29.7,25.3,17.5,10.7,17.3
BU05992198,2016,Waalhaven Zuid,Rotterdam,Buurt,1,NA,18 jaar of ouder,Waarde,Waalhaven Zuid,Rotterdam,Buurt,.,.,.,.,.,.,.,.,.,.,.,.,.
BU05992198,2020,Waalhaven Zuid,Rotterdam,Buurt,1,"1,6",18 jaar of ouder,Waarde,Waalhaven Zuid,Rotterdam,Buurt,77.0,49.3,15.5,27.5,52.0,72.4,11.0,4.5,28.0,.,.,10.9,18.3
BU05992198,2022,Waalhaven Zuid,Rotterdam,Buurt,3,NA,18 jaar of ouder,Waarde,Waalhaven Zuid,Rotterdam,Buurt,67.0,46.2,14.5,30.9,54.7,75.4,5.9,4.1,27.0,35.9,18.6,15.3,26.9
BU05992295,2016,Vondelingenplaat,Rotterdam,Buurt,1,NA,18 jaar of ouder,Waarde,Vondelingenplaat,Rotterdam,Buurt,.,.,.,.,.,.,.,.,.,.,.,.,.
BU05992295,2020,Vondelingenplaat,Rotterdam,Buurt,1,NA,18 jaar of ouder,Waarde,Vondelingenplaat,Rotterdam,Buurt,.,.,.,.,.,.,.,.,.,.,.,.,.
BU05992295,2022,Vondelingenplaat,Rotterdam,Buurt,1,NA,18 jaar of ouder,Waarde,Vondelingenplaat,Rotterdam,Buurt,.,.,.,.,.,.,.,.,.,.,.,.,.
BU05992306,2016,Botlek,Rotterdam,Buurt,1,NA,18 jaar of ouder,Waarde,Botlek,Rotterdam,Buurt,.,.,.,.,.,.,.,.,.,.,.,.,.
BU05992306,2020,Botlek,Rotterdam,Buurt,1,NA,18 jaar of ouder,Waarde,Botlek,Rotterdam,Buurt,.,.,.,.,.,.,.,.,.,.,.,.,.
BU05992306,2022,Botlek,Rotterdam,Buurt,1,NA,18 jaar of ouder,Waarde,Botlek,Rotterdam,Buurt,.,.,.,.,.,.,.,.,.,.,.,.,.
BU05992307,2016,Europoort,Rotterdam,Buurt,1,NA,18 jaar of ouder,Waarde,Europoort,Rotterdam,Buurt,.,.,.,.,.,.,.,.,.,.,.,.,.
BU05992307,2020,Europoort,Rotterdam,Buurt,3,NA,18 jaar of ouder,Waarde,Europoort,Rotterdam,Buurt,.,.,.,.,.,.,.,.,.,.,.,.,.
BU05992307,2022,Europoort,Rotterdam,Buurt,1,NA,18 jaar of ouder,Waarde,Europoort,Rotterdam,Buurt,.,.,.,.,.,.,.,.,.,.,.,.,.
BU05992308,2016,Maasvlakte,Rotterdam,Buurt,1,NA,18 jaar of ouder,Waarde,Maasvlakte,Rotterdam,Buurt,.,.,.,.,.,.,.,.,.,.,.,.,.
BU05992308,2020,Maasvlakte,Rotterdam,Buurt,3,NA,18 jaar of ouder,Waarde,Maasvlakte,Rotterdam,Buurt,.,.,.,.,.,.,.,.,.,.,.,.,.
BU05992308,2022,Maasvlakte,Rotterdam,Buurt,1,NA,18 jaar of ouder,Waarde,Maasvlakte,Rotterdam,Buurt,.,.,.,.,.,.,.,.,.,.,.,.,.
BU05992459,2016,Bedrijvenpark Noord-West,Rotterdam,Buurt,1,"0,6",18 jaar of ouder,Waarde,Bedrijvenpark Noord-West,Rotterdam,Buurt,83.4,54.4,8.5,30.0,31.1,88.3,16.4,8.5,23.4,.,.,7.8,13.3
BU05992459,2020,Bedrijvenpark Noord-West,Rotterdam,Buurt,1,NA,18 jaar of ouder,Waarde,Bedrijvenpark Noord-West,Rotterdam,Buurt,.,.,.,.,.,.,.,.,.,.,.,.,.
BU05992459,2022,Bedrijvenpark Noord-West,Rotterdam,Buurt,1,NA,18 jaar of ouder,Waarde,Bedrijvenpark Noord-West,Rotterdam,Buurt,.,.,.,.,.,.,.,.,.,.,.,.,.
BU05992540,2016,Rivium,Rotterdam,Buurt,1,NA,18 jaar of ouder,Waarde,Rivium,Rotterdam,Buurt,.,.,.,.,.,.,.,.,.,.,.,.,.
BU05992540,2020,Rivium,Rotterdam,Buurt,1,NA,18 jaar of ouder,Waarde,Rivium,Rotterdam,Buurt,.,.,.,.,.,.,.,.,.,.,.,.,.
BU05992540,2022,Rivium,Rotterdam,Buurt,1,NA,18 jaar of ouder,Waarde,Rivium,Rotterdam,Buurt,.,.,.,.,.,.,.,.,.,.,.,.,.
BU05992704,2016,Rozenburg,Rotterdam,Buurt,1,"0,7",18 jaar of ouder,Waarde,Rozenburg,Rotterdam,Buurt,73.9,46.8,18.3,23.0,42.6,80.6,8.3,6.5,37.2,.,.,6.5,10.5
BU05992704,2020,Rozenburg,Rotterdam,Buurt,1,"0,6",18 jaar of ouder,Waarde,Rozenburg,Rotterdam,Buurt,75.3,43.6,20.7,18.6,46.9,78.0,6.8,5.3,35.5,.,.,7.3,12.6
BU05992704,2022,Rozenburg,Rotterdam,Buurt,1,0.8,18 jaar of ouder,Waarde,Rozenburg,Rotterdam,Buurt,65.0,42.0,22.8,19.4,48.6,75.5,8.6,6.2,36.4,23.9,19.0,11.0,15.9
BU05992705,2016,Noordzeeweg,Rotterdam,Buurt,1,NA,18 jaar of ouder,Waarde,Noordzeeweg,Rotterdam,Buurt,.,.,.,.,.,.,.,.,.,.,.,.,.
BU05992705,2020,Noordzeeweg,Rotterdam,Buurt,1,NA,18 jaar of ouder,Waarde,Noordzeeweg,Rotterdam,Buurt,.,.,.,.,.,.,.,.,.,.,.,.,.
BU05992705,2022,Noordzeeweg,Rotterdam,Buurt,1,NA,18 jaar of ouder,Waarde,Noordzeeweg,Rotterdam,Buurt,.,.,.,.,.,.,.,.,.,.,.,.,.
BU19310000,2016,Tiendhoek,Krimpenerwaard,Buurt,1,"0,8",18 jaar of ouder,Waarde,Tiendhoek,Krimpenerwaard,Buurt,81.2,48.7,14.0,19.3,42.2,85.0,9.3,6.3,30.0,.,.,5.1,7.6
BU19310000,2020,Tiendhoek,Krimpenerwaard,Buurt,1,"0,8",18 jaar of ouder,Waarde,Tiendhoek,Krimpenerwaard,Buurt,82.2,48.0,15.6,15.0,46.1,80.6,6.4,5.2,29.7,.,.,5.4,8.8
BU19310000,2022,Tiendhoek,Krimpenerwaard,Buurt,1,0.8,18 jaar of ouder,Waarde,Tiendhoek,Krimpenerwaard,Buurt,73.3,42.5,16.9,15.8,45.0,80.0,9.3,6.5,31.1,18.2,14.9,7.8,11.2
BU19310001,2016,Schuwacht,Krimpenerwaard,Buurt,1,"1,5",18 jaar of ouder,Waarde,Schuwacht,Krimpenerwaard,Buurt,81.9,46.9,13.1,15.5,41.9,85.1,9.6,7.0,30.0,.,.,3.3,5.5
BU19310001,2020,Schuwacht,Krimpenerwaard,Buurt,1,"1,6",18 jaar of ouder,Waarde,Schuwacht,Krimpenerwaard,Buurt,83.2,47.7,13.8,13.5,42.9,82.5,7.3,6.9,28.7,.,.,3.6,6.7
BU19310001,2022,Schuwacht,Krimpenerwaard,Buurt,1,1.6,18 jaar of ouder,Waarde,Schuwacht,Krimpenerwaard,Buurt,76.3,42.4,15.2,12.6,42.4,82.0,10.2,7.5,29.6,14.4,12.3,5.6,8.0
BU19310002,2016,Opperduit,Krimpenerwaard,Buurt,1,"2,3",18 jaar of ouder,Waarde,Opperduit,Krimpenerwaard,Buurt,83.8,46.2,12.5,15.4,42.1,86.1,9.4,6.5,27.1,.,.,3.2,5.4
BU19310002,2020,Opperduit,Krimpenerwaard,Buurt,1,"1,4",18 jaar of ouder,Waarde,Opperduit,Krimpenerwaard,Buurt,84.2,46.9,13.8,11.9,43.8,83.2,7.0,5.9,26.8,.,.,3.8,6.4
BU19310002,2022,Opperduit,Krimpenerwaard,Buurt,1,2.4,18 jaar of ouder,Waarde,Opperduit,Krimpenerwaard,Buurt,75.7,42.2,14.8,12.8,42.5,82.3,9.8,7.7,28.1,15.4,12.6,5.8,8.5
BU19310003,2016,Tiendweg-West,Krimpenerwaard,Buurt,1,"1,1",18 jaar of ouder,Waarde,Tiendweg-West,Krimpenerwaard,Buurt,82.9,47.7,10.7,13.8,43.4,85.6,9.2,7.0,28.7,.,.,3.1,5.1
BU19310003,2020,Tiendweg-West,Krimpenerwaard,Buurt,1,1,18 jaar of ouder,Waarde,Tiendweg-West,Krimpenerwaard,Buurt,80.9,46.6,12.3,13.7,48.1,79.7,6.6,6.3,30.9,.,.,4.8,7.7
BU19310003,2022,Tiendweg-West,Krimpenerwaard,Buurt,1,1,18 jaar of ouder,Waarde,Tiendweg-West,Krimpenerwaard,Buurt,74.9,43.6,13.1,13.2,44.9,81.1,9.7,7.8,30.9,15.8,13.1,6.5,9.8
BU19310004,2016,Lekkerkerk-Oost,Krimpenerwaard,Buurt,1,"0,6",18 jaar of ouder,Waarde,Lekkerkerk-Oost,Krimpenerwaard,Buurt,80.0,47.9,15.4,20.6,43.7,83.9,9.0,6.3,30.9,.,.,5.2,8.1
BU19310004,2020,Lekkerkerk-Oost,Krimpenerwaard,Buurt,1,"0,6",18 jaar of ouder,Waarde,Lekkerkerk-Oost,Krimpenerwaard,Buurt,80.6,45.6,17.5,16.0,47.8,79.0,6.4,5.2,31.3,.,.,5.8,9.2
BU19310004,2022,Lekkerkerk-Oost,Krimpenerwaard,Buurt,1,0.6,18 jaar of ouder,Waarde,Lekkerkerk-Oost,Krimpenerwaard,Buurt,70.4,40.6,19.2,16.8,46.0,78.9,8.8,6.1,32.1,20.0,15.9,9.0,12.3
BU19310005,2016,Prinsessenbuurt,Krimpenerwaard,Buurt,1,"0,3",18 jaar of ouder,Waarde,Prinsessenbuurt,Krimpenerwaard,Buurt,76.6,45.4,14.2,17.3,47.2,81.7,9.1,6.1,33.9,.,.,5.3,9.3
BU19310005,2020,Prinsessenbuurt,Krimpenerwaard,Buurt,1,"0,3",18 jaar of ouder,Waarde,Prinsessenbuurt,Krimpenerwaard,Buurt,78.3,43.3,15.8,13.7,49.8,78.0,6.0,5.5,33.1,.,.,5.8,9.4
BU19310005,2022,Prinsessenbuurt,Krimpenerwaard,Buurt,1,0.3,18 jaar of ouder,Waarde,Prinsessenbuurt,Krimpenerwaard,Buurt,70.2,40.1,17.3,13.6,48.3,77.7,8.8,6.7,33.2,18.3,15.5,7.7,12.0
BU19310006,2016,Koninginnenbuurt,Krimpenerwaard,Buurt,1,"0,4",18 jaar of ouder,Waarde,Koninginnenbuurt,Krimpenerwaard,Buurt,74.4,43.5,16.0,19.0,47.2,81.6,9.0,6.3,36.2,.,.,5.7,9.5
BU19310006,2020,Koninginnenbuurt,Krimpenerwaard,Buurt,1,"0,3",18 jaar of ouder,Waarde,Koninginnenbuurt,Krimpenerwaard,Buurt,76.3,42.0,18.1,15.1,51.5,75.6,6.2,5.5,35.5,.,.,5.7,10.5
BU19310006,2022,Koninginnenbuurt,Krimpenerwaard,Buurt,1,0.3,18 jaar of ouder,Waarde,Koninginnenbuurt,Krimpenerwaard,Buurt,67.4,38.6,18.6,15.5,50.8,75.2,8.0,6.5,36.2,20.1,17.1,8.7,13.1
BU19310007,2016,Wibautsraat en Lorentzweg,Krimpenerwaard,Buurt,1,"0,3",18 jaar of ouder,Waarde,Wibautsraat en Lorentzweg,Krimpenerwaard,Buurt,71.4,41.9,17.0,22.1,51.1,77.2,9.4,6.6,36.9,.,.,7.6,11.6
BU19310007,2020,Wibautsraat en Lorentzweg,Krimpenerwaard,Buurt,1,"0,3",18 jaar of ouder,Waarde,Wibautsraat en Lorentzweg,Krimpenerwaard,Buurt,73.8,40.6,19.4,17.9,56.0,70.2,6.1,4.8,35.1,.,.,7.7,13.3
BU19310007,2022,Wibautsraat en Lorentzweg,Krimpenerwaard,Buurt,1,0.3,18 jaar of ouder,Waarde,Wibautsraat en Lorentzweg,Krimpenerwaard,Buurt,64.3,38.1,20.5,19.9,54.5,69.6,7.9,5.9,35.7,24.5,21.0,11.6,16.3
BU19310008,2016,Molenwerf en omstreken,Krimpenerwaard,Buurt,1,"0,6",18 jaar of ouder,Waarde,Molenwerf en omstreken,Krimpenerwaard,Buurt,74.5,43.2,15.9,16.8,48.9,81.0,8.5,6.4,35.5,.,.,5.0,8.4
BU19310008,2020,Molenwerf en omstreken,Krimpenerwaard,Buurt,1,"0,6",18 jaar of ouder,Waarde,Molenwerf en omstreken,Krimpenerwaard,Buurt,76.8,42.1,18.0,13.7,52.3,76.0,5.8,5.1,34.6,.,.,5.0,9.3
BU19310008,2022,Molenwerf en omstreken,Krimpenerwaard,Buurt,1,0.8,18 jaar of ouder,Waarde,Molenwerf en omstreken,Krimpenerwaard,Buurt,68.1,37.9,19.1,13.5,51.4,74.5,7.2,5.9,36.3,17.8,16.3,7.2,12.0
BU19310009,2016,Voorstraat en Centrum,Krimpenerwaard,Buurt,1,"0,3",18 jaar of ouder,Waarde,Voorstraat en Centrum,Krimpenerwaard,Buurt,80.1,47.6,13.6,16.4,43.4,85.2,9.1,6.7,32.8,.,.,4.1,7.4
BU19310009,2020,Voorstraat en Centrum,Krimpenerwaard,Buurt,1,"0,3",18 jaar of ouder,Waarde,Voorstraat en Centrum,Krimpenerwaard,Buurt,79.9,45.3,14.8,12.0,48.6,80.9,5.7,5.8,32.1,.,.,4.1,8.6
BU19310009,2022,Voorstraat en Centrum,Krimpenerwaard,Buurt,1,0.4,18 jaar of ouder,Waarde,Voorstraat en Centrum,Krimpenerwaard,Buurt,72.8,41.5,15.2,13.5,46.6,80.7,8.0,6.9,33.4,16.9,13.7,6.5,10.8
BU19310010,2016,Industrieterrein,Krimpenerwaard,Buurt,1,"0,6",18 jaar of ouder,Waarde,Industrieterrein,Krimpenerwaard,Buurt,80.2,45.8,12.4,19.9,45.6,82.5,11.2,6.7,27.3,.,.,4.5,7.3
BU19310010,2020,Industrieterrein,Krimpenerwaard,Buurt,1,"0,6",18 jaar of ouder,Waarde,Industrieterrein,Krimpenerwaard,Buurt,77.2,43.8,13.4,10.3,54.0,73.7,5.3,4.8,30.2,.,.,4.1,14.7
BU19310010,2022,Industrieterrein,Krimpenerwaard,Buurt,1,0.6,18 jaar of ouder,Waarde,Industrieterrein,Krimpenerwaard,Buurt,70.4,47.3,9.5,12.1,52.8,73.8,10.2,7.2,19.5,20.0,17.8,4.8,7.4
BU19310011,2016,Verspr. huizen Lekkerkerk,Krimpenerwaard,Buurt,1,"2,3",18 jaar of ouder,Waarde,Verspr. huizen Lekkerkerk,Krimpenerwaard,Buurt,82.6,44.8,12.1,14.9,49.1,82.8,7.9,5.7,26.7,.,.,3.7,5.7
BU19310011,2020,Verspr. huizen Lekkerkerk,Krimpenerwaard,Buurt,1,"2,3",18 jaar of ouder,Waarde,Verspr. huizen Lekkerkerk,Krimpenerwaard,Buurt,86.8,47.1,13.5,11.8,46.8,81.7,6.1,5.5,23.5,.,.,3.0,5.6
BU19310011,2022,Verspr. huizen Lekkerkerk,Krimpenerwaard,Buurt,1,2.4,18 jaar of ouder,Waarde,Verspr. huizen Lekkerkerk,Krimpenerwaard,Buurt,79.8,46.9,13.4,11.9,44.8,82.1,9.4,7.0,24.3,14.2,11.7,5.7,7.4
BU19310100,2016,Hoofdstraat,Krimpenerwaard,Buurt,1,"0,5",18 jaar of ouder,Waarde,Hoofdstraat,Krimpenerwaard,Buurt,75.2,43.8,15.7,20.7,46.6,80.1,8.4,5.7,34.3,.,.,6.2,9.7
BU19310100,2020,Hoofdstraat,Krimpenerwaard,Buurt,1,"0,6",18 jaar of ouder,Waarde,Hoofdstraat,Krimpenerwaard,Buurt,77.4,44.1,17.4,16.7,49.2,77.7,6.4,5.3,32.8,.,.,6.0,10.5
BU19310100,2022,Hoofdstraat,Krimpenerwaard,Buurt,1,0.6,18 jaar of ouder,Waarde,Hoofdstraat,Krimpenerwaard,Buurt,68.4,38.0,18.9,17.3,47.5,77.6,8.9,6.4,34.5,20.9,17.2,9.1,13.2
BU19310101,2016,Binnen Krimpen,Krimpenerwaard,Buurt,1,"0,6",18 jaar of ouder,Waarde,Binnen Krimpen,Krimpenerwaard,Buurt,76.0,44.2,15.7,18.7,47.8,79.5,8.1,5.8,34.0,.,.,5.9,9.2
BU19310101,2020,Binnen Krimpen,Krimpenerwaard,Buurt,1,"0,6",18 jaar of ouder,Waarde,Binnen Krimpen,Krimpenerwaard,Buurt,77.6,45.1,17.4,15.5,50.3,75.9,5.8,5.0,33.1,.,.,6.2,10.2
BU19310101,2022,Binnen Krimpen,Krimpenerwaard,Buurt,1,0.6,18 jaar of ouder,Waarde,Binnen Krimpen,Krimpenerwaard,Buurt,68.6,39.0,18.8,16.5,49.1,76.0,8.4,6.1,33.3,20.8,17.4,9.1,13.0
BU19310102,2016,Beroepenbuurt,Krimpenerwaard,Buurt,1,"0,2",18 jaar of ouder,Waarde,Beroepenbuurt,Krimpenerwaard,Buurt,74.9,43.7,16.8,21.7,47.1,79.3,8.3,5.8,33.8,.,.,6.4,9.9
BU19310102,2020,Beroepenbuurt,Krimpenerwaard,Buurt,1,"0,2",18 jaar of ouder,Waarde,Beroepenbuurt,Krimpenerwaard,Buurt,77.2,44.2,18.4,18.1,49.2,75.5,6.4,5.3,33.2,.,.,6.8,11.7
BU19310102,2022,Beroepenbuurt,Krimpenerwaard,Buurt,1,0.2,18 jaar of ouder,Waarde,Beroepenbuurt,Krimpenerwaard,Buurt,70.0,40.3,18.8,18.6,46.4,79.0,9.4,6.7,32.6,21.3,17.3,9.8,13.3
BU19310103,2016,Krimpen-Oost,Krimpenerwaard,Buurt,1,"1,2",18 jaar of ouder,Waarde,Krimpen-Oost,Krimpenerwaard,Buurt,81.9,49.2,12.0,14.8,42.6,84.7,8.1,6.7,30.7,.,.,3.5,6.5
BU19310103,2020,Krimpen-Oost,Krimpenerwaard,Buurt,1,"1,2",18 jaar of ouder,Waarde,Krimpen-Oost,Krimpenerwaard,Buurt,83.7,47.4,14.1,10.1,47.2,81.6,5.1,5.4,31.4,.,.,3.1,6.7
BU19310103,2022,Krimpen-Oost,Krimpenerwaard,Buurt,1,1.2,18 jaar of ouder,Waarde,Krimpen-Oost,Krimpenerwaard,Buurt,75.7,42.1,13.5,11.2,44.3,83.5,7.6,6.9,31.5,14.6,11.6,4.8,8.8
BU19310104,2016,Zaag,Krimpenerwaard,Buurt,1,2,18 jaar of ouder,Waarde,Zaag,Krimpenerwaard,Buurt,79.6,45.1,13.9,19.2,39.3,87.0,7.7,7.1,32.4,.,.,3.6,5.9
BU19310104,2020,Zaag,Krimpenerwaard,Buurt,1,2,18 jaar of ouder,Waarde,Zaag,Krimpenerwaard,Buurt,75.4,42.5,16.6,18.8,44.7,82.0,7.0,7.5,39.5,.,.,5.7,10.8
BU19310104,2022,Zaag,Krimpenerwaard,Buurt,1,2,18 jaar of ouder,Waarde,Zaag,Krimpenerwaard,Buurt,70.6,39.3,16.6,15.1,45.4,80.4,8.1,7.5,36.1,21.7,13.1,7.0,11.4
BU19310105,2016,Tiendweg Noord,Krimpenerwaard,Buurt,1,"1,1",18 jaar of ouder,Waarde,Tiendweg Noord,Krimpenerwaard,Buurt,81.3,50.0,14.2,18.6,42.4,85.0,8.5,6.1,29.9,.,.,4.3,7.5
BU19310105,2020,Tiendweg Noord,Krimpenerwaard,Buurt,1,"1,1",18 jaar of ouder,Waarde,Tiendweg Noord,Krimpenerwaard,Buurt,81.4,51.2,16.3,14.2,46.2,81.4,6.3,5.7,31.0,.,.,4.9,8.3
BU19310105,2022,Tiendweg Noord,Krimpenerwaard,Buurt,1,1.1,18 jaar of ouder,Waarde,Tiendweg Noord,Krimpenerwaard,Buurt,73.0,42.1,17.2,14.6,45.4,80.3,8.6,6.7,32.3,17.9,14.6,7.3,10.8
BU19310106,2016,Krimpen Centrum,Krimpenerwaard,Buurt,1,"0,3",18 jaar of ouder,Waarde,Krimpen Centrum,Krimpenerwaard,Buurt,76.0,41.9,15.8,17.2,45.9,82.2,8.5,6.9,36.6,.,.,5.3,8.6
BU19310106,2020,Krimpen Centrum,Krimpenerwaard,Buurt,1,"0,3",18 jaar of ouder,Waarde,Krimpen Centrum,Krimpenerwaard,Buurt,75.9,40.0,17.0,13.0,50.1,76.1,6.0,5.6,35.1,.,.,4.9,9.6
BU19310106,2022,Krimpen Centrum,Krimpenerwaard,Buurt,1,0.3,18 jaar of ouder,Waarde,Krimpen Centrum,Krimpenerwaard,Buurt,69.3,38.8,18.0,13.1,48.5,78.5,7.6,6.3,34.8,16.9,14.6,6.4,11.3
BU19310107,2016,Industrieterrein Krimpen,Krimpenerwaard,Buurt,1,"0,2",18 jaar of ouder,Waarde,Industrieterrein Krimpen,Krimpenerwaard,Buurt,83.2,47.8,15.1,16.8,44.5,84.0,7.4,6.3,31.2,.,.,3.6,5.4
BU19310107,2020,Industrieterrein Krimpen,Krimpenerwaard,Buurt,1,"0,2",18 jaar of ouder,Waarde,Industrieterrein Krimpen,Krimpenerwaard,Buurt,82.6,45.1,14.5,15.6,47.5,78.2,5.4,4.5,27.8,.,.,3.9,7.2
BU19310107,2022,Industrieterrein Krimpen,Krimpenerwaard,Buurt,1,0.1,18 jaar of ouder,Waarde,Industrieterrein Krimpen,Krimpenerwaard,Buurt,74.1,45.0,13.8,21.4,48.7,78.1,8.6,5.4,25.2,26.5,16.1,11.5,20.3
BU19310108,2016,Lekdijk,Krimpenerwaard,Buurt,1,"1,2",18 jaar of ouder,Waarde,Lekdijk,Krimpenerwaard,Buurt,83.9,46.0,11.7,17.0,40.1,86.2,8.8,6.4,27.0,.,.,3.8,6.7
BU19310108,2020,Lekdijk,Krimpenerwaard,Buurt,1,"1,2",18 jaar of ouder,Waarde,Lekdijk,Krimpenerwaard,Buurt,84.3,46.6,14.1,13.4,42.2,83.0,7.2,6.7,28.1,.,.,3.9,7.5
BU19310108,2022,Lekdijk,Krimpenerwaard,Buurt,1,1.2,18 jaar of ouder,Waarde,Lekdijk,Krimpenerwaard,Buurt,76.3,42.6,14.6,15.0,41.5,83.2,9.8,7.0,27.6,17.4,12.6,6.9,9.7
BU19310109,2016,Verspr. huizen Krimpen aan de Lek,Krimpenerwaard,Buurt,1,"1,9",18 jaar of ouder,Waarde,Verspr. huizen Krimpen aan de Lek,Krimpenerwaard,Buurt,85.1,52.0,11.3,15.1,39.6,84.8,8.8,6.8,27.4,.,.,2.8,5.9
BU19310109,2020,Verspr. huizen Krimpen aan de Lek,Krimpenerwaard,Buurt,1,"1,9",18 jaar of ouder,Waarde,Verspr. huizen Krimpen aan de Lek,Krimpenerwaard,Buurt,85.7,50.4,13.5,12.5,45.7,83.6,5.3,5.5,26.4,.,.,3.4,6.9
BU19310109,2022,Verspr. huizen Krimpen aan de Lek,Krimpenerwaard,Buurt,1,1.9,18 jaar of ouder,Waarde,Verspr. huizen Krimpen aan de Lek,Krimpenerwaard,Buurt,77.6,46.4,15.1,13.2,45.6,83.1,7.7,5.3,25.8,15.2,11.9,6.5,8.2
BU19310200,2016,Ouderkerk aan den IJssel,Krimpenerwaard,Buurt,1,"0,6",18 jaar of ouder,Waarde,Ouderkerk aan den IJssel,Krimpenerwaard,Buurt,79.8,45.9,14.0,16.8,43.2,84.8,9.2,6.8,31.2,.,.,4.3,7.0
BU19310200,2020,Ouderkerk aan den IJssel,Krimpenerwaard,Buurt,1,"0,5",18 jaar of ouder,Waarde,Ouderkerk aan den IJssel,Krimpenerwaard,Buurt,81.6,44.9,15.3,13.3,46.9,79.3,6.9,5.9,30.4,.,.,4.4,8.0
BU19310200,2022,Ouderkerk aan den IJssel,Krimpenerwaard,Buurt,1,0.6,18 jaar of ouder,Waarde,Ouderkerk aan den IJssel,Krimpenerwaard,Buurt,72.9,40.0,17.0,14.0,46.6,79.7,8.6,6.5,29.8,17.3,14.6,6.9,11.0
BU19310208,2016,Verspr. huizen Ouderkerk Noord,Krimpenerwaard,Buurt,1,"4,1",18 jaar of ouder,Waarde,Verspr. huizen Ouderkerk Noord,Krimpenerwaard,Buurt,81.3,47.1,14.5,17.6,41.8,83.7,9.6,6.7,29.6,.,.,4.3,6.3
BU19310208,2020,Verspr. huizen Ouderkerk Noord,Krimpenerwaard,Buurt,1,"4,1",18 jaar of ouder,Waarde,Verspr. huizen Ouderkerk Noord,Krimpenerwaard,Buurt,83.9,46.9,14.5,14.2,44.7,81.4,7.7,6.3,28.8,.,.,4.2,6.8
BU19310208,2022,Verspr. huizen Ouderkerk Noord,Krimpenerwaard,Buurt,1,3.5,18 jaar of ouder,Waarde,Verspr. huizen Ouderkerk Noord,Krimpenerwaard,Buurt,74.4,42.2,16.6,15.1,44.1,81.7,9.8,7.1,28.7,17.0,14.1,7.2,9.4
BU19310209,2016,Verspr. huizen Ouderkerk Oost,Krimpenerwaard,Buurt,1,"2,7",18 jaar of ouder,Waarde,Verspr. huizen Ouderkerk Oost,Krimpenerwaard,Buurt,85.9,45.7,12.3,13.3,44.1,85.7,8.0,6.2,26.1,.,.,2.7,4.5
BU19310209,2020,Verspr. huizen Ouderkerk Oost,Krimpenerwaard,Buurt,1,"2,6",18 jaar of ouder,Waarde,Verspr. huizen Ouderkerk Oost,Krimpenerwaard,Buurt,87.6,47.0,11.0,10.7,48.9,82.3,6.3,6.3,23.5,.,.,2.6,5.0
BU19310209,2022,Verspr. huizen Ouderkerk Oost,Krimpenerwaard,Buurt,1,2.6,18 jaar of ouder,Waarde,Verspr. huizen Ouderkerk Oost,Krimpenerwaard,Buurt,79.9,44.8,11.9,11.0,45.8,81.4,10.1,7.5,24.9,14.1,10.8,4.6,6.5
BU19310300,2016,Gouderak,Krimpenerwaard,Buurt,1,"3,6",18 jaar of ouder,Waarde,Gouderak,Krimpenerwaard,Buurt,78.3,48.4,15.1,19.2,44.3,81.1,8.8,6.7,33.1,.,.,5.4,8.2
BU19310300,2020,Gouderak,Krimpenerwaard,Buurt,1,"3,6",18 jaar of ouder,Waarde,Gouderak,Krimpenerwaard,Buurt,81.0,45.6,16.0,16.8,46.4,78.1,7.1,6.0,31.7,.,.,5.8,9.5
BU19310300,2022,Gouderak,Krimpenerwaard,Buurt,1,1,18 jaar of ouder,Waarde,Gouderak,Krimpenerwaard,Buurt,71.6,42.4,17.5,16.4,46.9,78.9,8.6,6.5,31.5,19.7,16.3,8.5,12.2
BU19310400,2016,Bergambacht-Dorp,Krimpenerwaard,Buurt,1,"0,8",18 jaar of ouder,Waarde,Bergambacht-Dorp,Krimpenerwaard,Buurt,77.3,47.7,13.1,15.5,45.3,83.6,8.6,6.5,33.2,.,.,4.6,7.6
BU19310400,2020,Bergambacht-Dorp,Krimpenerwaard,Buurt,1,"0,9",18 jaar of ouder,Waarde,Bergambacht-Dorp,Krimpenerwaard,Buurt,80.0,44.4,14.9,12.8,48.3,80.4,5.8,5.9,32.3,.,.,4.5,9.1
BU19310400,2022,Bergambacht-Dorp,Krimpenerwaard,Buurt,1,0.9,18 jaar of ouder,Waarde,Bergambacht-Dorp,Krimpenerwaard,Buurt,71.6,42.4,14.8,13.6,48.1,79.7,8.8,6.8,32.9,17.9,14.2,7.1,11.2
BU19310401,2016,Kadijk en Kadijkselaan,Krimpenerwaard,Buurt,1,"1,7",18 jaar of ouder,Waarde,Kadijk en Kadijkselaan,Krimpenerwaard,Buurt,84.1,48.2,11.9,17.1,42.5,86.6,10.4,7.3,25.9,.,.,3.5,5.8
BU19310401,2020,Kadijk en Kadijkselaan,Krimpenerwaard,Buurt,1,"1,6",18 jaar of ouder,Waarde,Kadijk en Kadijkselaan,Krimpenerwaard,Buurt,86.7,49.0,12.2,13.3,46.2,82.4,7.6,6.7,23.9,.,.,4.0,7.2
BU19310401,2022,Kadijk en Kadijkselaan,Krimpenerwaard,Buurt,1,1.6,18 jaar of ouder,Waarde,Kadijk en Kadijkselaan,Krimpenerwaard,Buurt,79.4,45.2,14.8,15.9,44.8,82.7,11.6,7.8,24.3,16.2,12.5,6.6,8.6
BU19310402,2016,Uitbreiding Dorp,Krimpenerwaard,Buurt,1,"0,5",18 jaar of ouder,Waarde,Uitbreiding Dorp,Krimpenerwaard,Buurt,77.3,48.3,15.4,18.7,47.5,79.9,8.8,6.2,32.6,.,.,5.7,8.5
BU19310402,2020,Uitbreiding Dorp,Krimpenerwaard,Buurt,1,"0,5",18 jaar of ouder,Waarde,Uitbreiding Dorp,Krimpenerwaard,Buurt,79.4,44.9,16.6,15.1,51.4,76.1,5.6,5.2,32.2,.,.,5.9,10.3
BU19310402,2022,Uitbreiding Dorp,Krimpenerwaard,Buurt,1,0.5,18 jaar of ouder,Waarde,Uitbreiding Dorp,Krimpenerwaard,Buurt,69.2,42.0,18.7,15.9,51.6,74.0,8.3,6.1,33.7,20.1,17.1,8.9,12.7
BU19310403,2016,Benedenberg en Zuidbroek,Krimpenerwaard,Buurt,1,"3,3",18 jaar of ouder,Waarde,Benedenberg en Zuidbroek,Krimpenerwaard,Buurt,84.3,46.7,11.5,13.7,41.3,85.9,9.1,7.0,27.7,.,.,3.0,5.0
BU19310403,2020,Benedenberg en Zuidbroek,Krimpenerwaard,Buurt,1,"3,2",18 jaar of ouder,Waarde,Benedenberg en Zuidbroek,Krimpenerwaard,Buurt,86.4,46.2,11.4,10.4,46.0,82.8,6.7,6.4,25.6,.,.,2.6,5.7
BU19310403,2022,Benedenberg en Zuidbroek,Krimpenerwaard,Buurt,1,3.3,18 jaar of ouder,Waarde,Benedenberg en Zuidbroek,Krimpenerwaard,Buurt,79.0,45.3,12.0,10.8,44.6,83.5,9.7,7.7,28.7,12.9,10.6,4.4,7.3
BU19310404,2016,Tussenlanen,Krimpenerwaard,Buurt,1,"1,7",18 jaar of ouder,Waarde,Tussenlanen,Krimpenerwaard,Buurt,82.7,44.8,11.0,14.1,45.5,85.6,8.7,6.7,27.7,.,.,3.3,4.8
BU19310404,2020,Tussenlanen,Krimpenerwaard,Buurt,1,"1,8",18 jaar of ouder,Waarde,Tussenlanen,Krimpenerwaard,Buurt,87.6,49.9,10.2,10.3,46.0,83.9,6.8,6.3,26.7,.,.,2.7,5.6
BU19310404,2022,Tussenlanen,Krimpenerwaard,Buurt,1,1.8,18 jaar of ouder,Waarde,Tussenlanen,Krimpenerwaard,Buurt,79.1,43.7,12.6,11.2,45.6,82.6,9.2,6.8,25.6,13.3,11.1,5.1,7.1
BU19310409,2016,Bovenberg westelijk van de Fransekade,Krimpenerwaard,Buurt,1,"2,3",18 jaar of ouder,Waarde,Bovenberg westelijk van de Fransekade,Krimpenerwaard,Buurt,84.6,47.0,10.5,14.8,39.6,87.3,8.4,6.9,28.8,.,.,3.0,4.9
BU19310409,2020,Bovenberg westelijk van de Fransekade,Krimpenerwaard,Buurt,1,"2,3",18 jaar of ouder,Waarde,Bovenberg westelijk van de Fransekade,Krimpenerwaard,Buurt,88.1,49.7,11.5,11.3,43.4,85.7,6.5,6.3,27.1,.,.,2.8,5.3
BU19310409,2022,Bovenberg westelijk van de Fransekade,Krimpenerwaard,Buurt,1,2.4,18 jaar of ouder,Waarde,Bovenberg westelijk van de Fransekade,Krimpenerwaard,Buurt,79.8,45.0,11.1,11.3,41.6,85.7,10.1,7.1,25.5,13.3,10.3,5.0,7.1
BU19310500,2016,Bergstoep,Krimpenerwaard,Buurt,1,"1,2",18 jaar of ouder,Waarde,Bergstoep,Krimpenerwaard,Buurt,82.3,49.5,13.0,17.8,41.8,85.7,9.4,6.5,28.9,.,.,4.0,6.9
BU19310500,2020,Bergstoep,Krimpenerwaard,Buurt,1,"1,2",18 jaar of ouder,Waarde,Bergstoep,Krimpenerwaard,Buurt,84.1,46.2,13.9,13.1,45.3,81.7,6.8,5.8,28.8,.,.,4.1,7.8
BU19310500,2022,Bergstoep,Krimpenerwaard,Buurt,1,1.2,18 jaar of ouder,Waarde,Bergstoep,Krimpenerwaard,Buurt,74.6,43.1,15.5,13.4,46.0,80.7,9.4,6.8,29.9,16.0,13.1,6.4,10.2
BU19310501,2016,Lekdijk-West en Provinciale weg (ged.),Krimpenerwaard,Buurt,1,"3,5",18 jaar of ouder,Waarde,Lekdijk-West en Provinciale weg (ged.),Krimpenerwaard,Buurt,85.8,46.1,11.7,14.8,42.0,87.3,8.9,6.8,25.8,.,.,2.6,4.7
BU19310501,2020,Lekdijk-West en Provinciale weg (ged.),Krimpenerwaard,Buurt,1,"1,7",18 jaar of ouder,Waarde,Lekdijk-West en Provinciale weg (ged.),Krimpenerwaard,Buurt,86.0,45.4,12.7,10.7,43.5,82.5,7.0,6.8,27.0,.,.,2.9,6.1
BU19310501,2022,Lekdijk-West en Provinciale weg (ged.),Krimpenerwaard,Buurt,1,3.6,18 jaar of ouder,Waarde,Lekdijk-West en Provinciale weg (ged.),Krimpenerwaard,Buurt,77.7,42.8,13.9,11.8,45.1,82.0,9.3,7.6,27.1,14.7,11.6,5.9,8.8
BU19310502,2016,Lekdijk-Oost en Provinciale weg (ged.),Krimpenerwaard,Buurt,1,"1,1",18 jaar of ouder,Waarde,Lekdijk-Oost en Provinciale weg (ged.),Krimpenerwaard,Buurt,85.0,52.9,10.5,13.2,41.1,87.0,8.7,6.0,28.8,.,.,2.6,5.9
BU19310502,2020,Lekdijk-Oost en Provinciale weg (ged.),Krimpenerwaard,Buurt,1,"1,1",18 jaar of ouder,Waarde,Lekdijk-Oost en Provinciale weg (ged.),Krimpenerwaard,Buurt,86.9,48.9,11.5,14.6,40.2,83.6,7.6,6.0,28.0,.,.,3.1,7.1
BU19310502,2022,Lekdijk-Oost en Provinciale weg (ged.),Krimpenerwaard,Buurt,1,1.1,18 jaar of ouder,Waarde,Lekdijk-Oost en Provinciale weg (ged.),Krimpenerwaard,Buurt,79.0,47.4,12.6,13.9,40.2,84.6,12.3,8.1,26.0,15.4,11.9,6.3,8.8
BU19310503,2016,Bovenstad,Krimpenerwaard,Buurt,1,"1,1",18 jaar of ouder,Waarde,Bovenstad,Krimpenerwaard,Buurt,79.5,46.7,13.0,13.5,43.2,84.8,8.3,7.1,33.8,.,.,3.5,5.9
BU19310503,2020,Bovenstad,Krimpenerwaard,Buurt,1,"1,1",18 jaar of ouder,Waarde,Bovenstad,Krimpenerwaard,Buurt,82.8,46.6,14.2,10.7,47.1,83.0,6.0,6.8,33.2,.,.,3.3,6.3
BU19310503,2022,Bovenstad,Krimpenerwaard,Buurt,1,1.1,18 jaar of ouder,Waarde,Bovenstad,Krimpenerwaard,Buurt,74.1,43.4,14.0,11.5,46.4,81.2,7.8,6.6,32.2,14.4,12.0,5.6,8.6
BU19310504,2016,Provinciale weg (ged.) De Hem en Hogedij,Krimpenerwaard,Buurt,1,"1,9",18 jaar of ouder,Waarde,Provinciale weg (ged.) De Hem en Hogedij,Krimpenerwaard,Buurt,82.5,47.6,13.8,14.7,43.3,86.2,10.5,6.0,27.9,.,.,2.6,4.4
BU19310504,2020,Provinciale weg (ged.) De Hem en Hogedij,Krimpenerwaard,Buurt,1,"1,9",18 jaar of ouder,Waarde,Provinciale weg (ged.) De Hem en Hogedij,Krimpenerwaard,Buurt,84.4,43.8,12.0,11.0,47.0,81.8,7.4,6.2,28.8,.,.,2.4,5.3
BU19310504,2022,Provinciale weg (ged.) De Hem en Hogedij,Krimpenerwaard,Buurt,1,1.8,18 jaar of ouder,Waarde,Provinciale weg (ged.) De Hem en Hogedij,Krimpenerwaard,Buurt,77.5,42.5,15.8,12.0,43.6,80.5,9.2,6.4,28.9,14.3,11.7,5.5,8.8
BU19310600,2016,Ammerstol,Krimpenerwaard,Buurt,1,"0,4",18 jaar of ouder,Waarde,Ammerstol,Krimpenerwaard,Buurt,79.0,47.4,15.1,19.4,42.6,83.9,10.0,6.8,32.2,.,.,5.3,8.1
BU19310600,2020,Ammerstol,Krimpenerwaard,Buurt,1,"0,4",18 jaar of ouder,Waarde,Ammerstol,Krimpenerwaard,Buurt,80.7,44.1,16.8,16.1,45.8,79.8,6.9,6.3,32.9,.,.,5.0,8.7
BU19310600,2022,Ammerstol,Krimpenerwaard,Buurt,1,0.4,18 jaar of ouder,Waarde,Ammerstol,Krimpenerwaard,Buurt,70.8,41.6,18.1,16.9,45.3,79.4,9.5,7.1,32.2,19.3,15.3,8.3,11.1
BU19310700,2016,Berkenwoude,Krimpenerwaard,Buurt,1,"5,7",18 jaar of ouder,Waarde,Berkenwoude,Krimpenerwaard,Buurt,82.6,46.3,13.8,15.7,43.0,84.0,8.3,7.7,30.1,.,.,3.7,5.7
BU19310700,2020,Berkenwoude,Krimpenerwaard,Buurt,1,"5,7",18 jaar of ouder,Waarde,Berkenwoude,Krimpenerwaard,Buurt,84.6,44.5,12.6,12.1,45.5,81.5,6.6,6.7,26.3,.,.,3.8,6.3
BU19310700,2022,Berkenwoude,Krimpenerwaard,Buurt,1,5.6,18 jaar of ouder,Waarde,Berkenwoude,Krimpenerwaard,Buurt,76.0,42.0,14.6,12.6,48.6,80.4,8.5,6.9,28.4,16.4,13.3,6.2,9.0
BU19310701,2016,Achterbroek,Krimpenerwaard,Buurt,1,"7,3",18 jaar of ouder,Waarde,Achterbroek,Krimpenerwaard,Buurt,86.9,42.6,12.9,15.7,49.3,81.6,6.6,4.6,24.7,.,.,3.3,4.9
BU19310701,2020,Achterbroek,Krimpenerwaard,Buurt,1,"7,3",18 jaar of ouder,Waarde,Achterbroek,Krimpenerwaard,Buurt,88.0,48.8,10.6,10.5,50.2,73.1,5.9,5.5,22.3,.,.,3.7,6.4
BU19310701,2022,Achterbroek,Krimpenerwaard,Buurt,1,6.8,18 jaar of ouder,Waarde,Achterbroek,Krimpenerwaard,Buurt,78.4,43.2,13.8,11.1,53.3,75.2,8.4,6.0,27.2,13.9,12.9,4.9,8.0
BU19310800,2016,Haastrecht-Dorpskern,Krimpenerwaard,Buurt,1,"0,2",18 jaar of ouder,Waarde,Haastrecht-Dorpskern,Krimpenerwaard,Buurt,82.6,49.9,12.3,17.1,36.0,87.1,11.5,7.7,29.4,.,.,3.4,6.6
BU19310800,2020,Haastrecht-Dorpskern,Krimpenerwaard,Buurt,1,"0,3",18 jaar of ouder,Waarde,Haastrecht-Dorpskern,Krimpenerwaard,Buurt,85.3,50.1,12.5,13.7,41.1,84.0,8.8,7.6,29.7,.,.,4.1,7.1
BU19310800,2022,Haastrecht-Dorpskern,Krimpenerwaard,Buurt,1,0.4,18 jaar of ouder,Waarde,Haastrecht-Dorpskern,Krimpenerwaard,Buurt,75.4,46.0,14.2,14.2,40.6,82.3,10.2,7.3,29.7,17.1,12.8,7.0,10.1
BU19310801,2016,Boven-Haastrecht,Krimpenerwaard,Buurt,1,"2,3",18 jaar of ouder,Waarde,Boven-Haastrecht,Krimpenerwaard,Buurt,85.1,51.6,11.8,15.5,38.1,85.4,10.9,7.1,25.1,.,.,3.5,4.6
BU19310801,2020,Boven-Haastrecht,Krimpenerwaard,Buurt,1,"2,5",18 jaar of ouder,Waarde,Boven-Haastrecht,Krimpenerwaard,Buurt,87.6,48.6,10.6,13.2,40.3,85.0,7.8,6.2,24.2,.,.,2.7,5.3
BU19310801,2022,Boven-Haastrecht,Krimpenerwaard,Buurt,1,2.4,18 jaar of ouder,Waarde,Boven-Haastrecht,Krimpenerwaard,Buurt,80.0,46.8,12.5,12.8,37.3,84.3,11.8,8.4,23.6,13.8,11.4,5.4,7.4
BU19310802,2016,Beneden-Haastrecht,Krimpenerwaard,Buurt,1,"1,8",18 jaar of ouder,Waarde,Beneden-Haastrecht,Krimpenerwaard,Buurt,83.4,52.5,10.4,15.9,41.0,85.1,9.0,6.7,27.1,.,.,3.6,6.4
BU19310802,2020,Beneden-Haastrecht,Krimpenerwaard,Buurt,1,"1,6",18 jaar of ouder,Waarde,Beneden-Haastrecht,Krimpenerwaard,Buurt,85.6,51.8,10.7,12.2,44.9,82.6,7.1,6.1,28.9,.,.,3.8,6.3
BU19310802,2022,Beneden-Haastrecht,Krimpenerwaard,Buurt,1,2,18 jaar of ouder,Waarde,Beneden-Haastrecht,Krimpenerwaard,Buurt,78.6,50.8,12.2,12.0,39.2,85.0,8.9,6.4,28.0,15.5,10.4,5.4,8.2
BU19310803,2016,Rozendaal,Krimpenerwaard,Buurt,1,"2,6",18 jaar of ouder,Waarde,Rozendaal,Krimpenerwaard,Buurt,81.9,43.6,13.1,15.4,38.9,82.9,11.0,6.9,28.0,.,.,3.2,7.0
BU19310803,2020,Rozendaal,Krimpenerwaard,Buurt,1,"2,6",18 jaar of ouder,Waarde,Rozendaal,Krimpenerwaard,Buurt,83.8,44.9,12.7,11.3,43.7,79.0,7.8,7.5,26.7,.,.,2.3,8.1
BU19310803,2022,Rozendaal,Krimpenerwaard,Buurt,1,2.6,18 jaar of ouder,Waarde,Rozendaal,Krimpenerwaard,Buurt,77.6,47.2,13.1,15.1,38.4,82.6,9.9,7.4,28.1,12.9,11.0,4.4,9.7
BU19310804,2016,Stolwijkersluis (ged.),Krimpenerwaard,Buurt,1,"1,7",18 jaar of ouder,Waarde,Stolwijkersluis (ged.),Krimpenerwaard,Buurt,83.0,52.8,12.5,15.4,40.5,84.3,8.8,7.1,30.8,.,.,3.2,5.2
BU19310804,2020,Stolwijkersluis (ged.),Krimpenerwaard,Buurt,1,"1,4",18 jaar of ouder,Waarde,Stolwijkersluis (ged.),Krimpenerwaard,Buurt,83.2,47.2,13.3,14.6,48.3,79.3,5.6,5.1,31.0,.,.,4.6,6.1
BU19310804,2022,Stolwijkersluis (ged.),Krimpenerwaard,Buurt,1,1.7,18 jaar of ouder,Waarde,Stolwijkersluis (ged.),Krimpenerwaard,Buurt,77.6,46.5,14.4,11.1,43.3,82.5,8.7,6.2,30.6,14.1,12.9,5.2,9.6
BU19310805,2016,Hofkamp,Krimpenerwaard,Buurt,1,"0,7",18 jaar of ouder,Waarde,Hofkamp,Krimpenerwaard,Buurt,74.5,44.4,13.2,11.9,45.6,82.8,7.9,7.8,38.1,.,.,4.9,8.0
BU19310805,2020,Hofkamp,Krimpenerwaard,Buurt,1,"0,7",18 jaar of ouder,Waarde,Hofkamp,Krimpenerwaard,Buurt,78.0,44.5,12.5,10.6,50.3,77.7,6.2,7.0,34.7,.,.,3.9,8.5
BU19310805,2022,Hofkamp,Krimpenerwaard,Buurt,1,0.8,18 jaar of ouder,Waarde,Hofkamp,Krimpenerwaard,Buurt,71.0,43.0,13.3,10.3,50.6,77.7,7.5,6.5,33.1,15.6,13.3,5.9,9.9
BU19310806,2016,Agterpoort,Krimpenerwaard,Buurt,1,"0,4",18 jaar of ouder,Waarde,Agterpoort,Krimpenerwaard,Buurt,75.0,45.2,14.5,20.2,43.0,82.1,10.6,7.0,34.8,.,.,5.9,10.3
BU19310806,2020,Agterpoort,Krimpenerwaard,Buurt,1,"0,5",18 jaar of ouder,Waarde,Agterpoort,Krimpenerwaard,Buurt,78.2,44.4,16.5,16.4,47.8,78.0,9.0,7.3,35.4,.,.,5.5,10.0
BU19310806,2022,Agterpoort,Krimpenerwaard,Buurt,1,0.7,18 jaar of ouder,Waarde,Agterpoort,Krimpenerwaard,Buurt,68.3,41.1,17.4,17.7,47.2,76.3,9.7,7.2,32.9,19.6,16.3,8.6,12.6
BU19310807,2016,Stein,Krimpenerwaard,Buurt,1,"0,4",18 jaar of ouder,Waarde,Stein,Krimpenerwaard,Buurt,74.8,45.6,15.9,17.5,42.9,81.7,10.1,7.7,35.2,.,.,5.0,8.1
BU19310807,2020,Stein,Krimpenerwaard,Buurt,1,"0,4",18 jaar of ouder,Waarde,Stein,Krimpenerwaard,Buurt,77.0,43.6,16.4,14.3,49.0,76.8,7.6,6.8,35.8,.,.,5.2,8.6
BU19310807,2022,Stein,Krimpenerwaard,Buurt,1,0.4,18 jaar of ouder,Waarde,Stein,Krimpenerwaard,Buurt,67.9,41.4,18.3,14.4,46.4,76.3,8.6,6.7,33.9,18.5,15.7,7.6,11.5
BU19310808,2016,Verspr. huizen Haastrecht Noord,Krimpenerwaard,Buurt,1,"0,9",18 jaar of ouder,Waarde,Verspr. huizen Haastrecht Noord,Krimpenerwaard,Buurt,86.0,52.4,9.3,15.7,34.7,89.1,13.5,6.7,24.1,.,.,2.4,4.6
BU19310808,2020,Verspr. huizen Haastrecht Noord,Krimpenerwaard,Buurt,1,1,18 jaar of ouder,Waarde,Verspr. huizen Haastrecht Noord,Krimpenerwaard,Buurt,86.6,51.7,10.5,12.1,41.2,84.8,9.2,7.6,25.2,.,.,3.2,5.8
BU19310808,2022,Verspr. huizen Haastrecht Noord,Krimpenerwaard,Buurt,1,1,18 jaar of ouder,Waarde,Verspr. huizen Haastrecht Noord,Krimpenerwaard,Buurt,77.7,48.4,12.2,13.5,41.1,84.6,10.7,7.1,27.1,15.6,10.8,5.4,8.8
BU19310809,2016,Verspr. huizen Haastrecht Zuid,Krimpenerwaard,Buurt,1,NA,18 jaar of ouder,Waarde,Verspr. huizen Haastrecht Zuid,Krimpenerwaard,Buurt,85.0,51.1,10.0,14.9,40.1,86.1,10.3,6.6,24.7,.,.,4.1,5.9
BU19310809,2020,Verspr. huizen Haastrecht Zuid,Krimpenerwaard,Buurt,1,2,18 jaar of ouder,Waarde,Verspr. huizen Haastrecht Zuid,Krimpenerwaard,Buurt,87.3,49.4,9.5,11.9,41.3,84.6,8.7,7.3,24.7,.,.,2.7,5.0
BU19310809,2022,Verspr. huizen Haastrecht Zuid,Krimpenerwaard,Buurt,1,2.1,18 jaar of ouder,Waarde,Verspr. huizen Haastrecht Zuid,Krimpenerwaard,Buurt,80.3,47.1,11.1,13.2,39.1,83.8,12.8,8.0,25.5,15.3,11.7,6.4,8.2
BU19310810,2016,Bergvliet,Krimpenerwaard,Buurt,1,1,18 jaar of ouder,Waarde,Bergvliet,Krimpenerwaard,Buurt,83.3,51.3,13.6,18.1,38.2,85.6,10.9,7.2,28.8,.,.,4.0,7.2
BU19310810,2020,Bergvliet,Krimpenerwaard,Buurt,1,1,18 jaar of ouder,Waarde,Bergvliet,Krimpenerwaard,Buurt,83.2,49.9,13.9,14.2,41.8,83.5,9.0,6.7,31.2,.,.,5.2,8.2
BU19310810,2022,Bergvliet,Krimpenerwaard,Buurt,1,1,18 jaar of ouder,Waarde,Bergvliet,Krimpenerwaard,Buurt,74.1,46.7,15.9,14.4,41.3,82.2,9.5,7.0,29.9,17.8,13.7,7.2,10.6
BU19311000,2016,Stolwijk,Krimpenerwaard,Buurt,1,"0,6",18 jaar of ouder,Waarde,Stolwijk,Krimpenerwaard,Buurt,79.2,47.8,14.0,17.3,42.4,82.8,9.7,6.6,31.2,.,.,4.7,7.8
BU19311000,2020,Stolwijk,Krimpenerwaard,Buurt,1,"0,5",18 jaar of ouder,Waarde,Stolwijk,Krimpenerwaard,Buurt,80.8,46.9,15.3,14.5,47.0,78.5,7.9,6.0,31.0,.,.,4.9,8.5
BU19311000,2022,Stolwijk,Krimpenerwaard,Buurt,1,0.6,18 jaar of ouder,Waarde,Stolwijk,Krimpenerwaard,Buurt,71.6,42.9,16.7,14.9,45.7,78.4,9.2,6.8,30.7,18.5,15.4,8.1,11.2
BU19311001,2016,Bovenkerk,Krimpenerwaard,Buurt,1,1,18 jaar of ouder,Waarde,Bovenkerk,Krimpenerwaard,Buurt,86.3,53.2,10.5,16.2,37.2,86.8,11.4,6.9,24.8,.,.,3.2,5.2
BU19311001,2020,Bovenkerk,Krimpenerwaard,Buurt,1,"0,9",18 jaar of ouder,Waarde,Bovenkerk,Krimpenerwaard,Buurt,86.7,49.3,12.1,13.4,39.5,85.0,8.8,6.7,26.5,.,.,4.0,6.2
BU19311001,2022,Bovenkerk,Krimpenerwaard,Buurt,1,0.9,18 jaar of ouder,Waarde,Bovenkerk,Krimpenerwaard,Buurt,77.4,47.4,12.3,12.6,43.2,81.9,9.7,7.3,26.8,15.1,12.7,5.7,7.8
BU19311002,2016,Benedenkerk,Krimpenerwaard,Buurt,1,"1,1",18 jaar of ouder,Waarde,Benedenkerk,Krimpenerwaard,Buurt,82.4,46.8,11.7,14.2,41.8,85.0,9.0,6.4,29.8,.,.,3.0,5.2
BU19311002,2020,Benedenkerk,Krimpenerwaard,Buurt,1,"1,2",18 jaar of ouder,Waarde,Benedenkerk,Krimpenerwaard,Buurt,85.4,48.1,10.7,10.7,43.5,83.2,7.7,6.6,26.8,.,.,2.6,7.2
BU19311002,2022,Benedenkerk,Krimpenerwaard,Buurt,1,1,18 jaar of ouder,Waarde,Benedenkerk,Krimpenerwaard,Buurt,77.6,45.4,13.8,11.2,44.3,83.0,9.3,6.5,28.4,13.6,10.7,4.7,7.5
BU19311003,2016,Benedenheul,Krimpenerwaard,Buurt,1,"3,2",18 jaar of ouder,Waarde,Benedenheul,Krimpenerwaard,Buurt,85.5,48.5,10.6,15.3,42.3,85.1,8.5,5.6,26.5,.,.,3.1,4.9
BU19311003,2020,Benedenheul,Krimpenerwaard,Buurt,1,"3,2",18 jaar of ouder,Waarde,Benedenheul,Krimpenerwaard,Buurt,87.1,48.0,9.6,11.2,45.5,81.0,7.9,7.7,24.1,.,.,2.9,5.3
BU19311003,2022,Benedenheul,Krimpenerwaard,Buurt,1,3.1,18 jaar of ouder,Waarde,Benedenheul,Krimpenerwaard,Buurt,80.0,43.8,11.8,11.9,45.6,81.3,10.9,7.5,25.1,14.7,12.1,5.4,8.0
BU19311004,2016,Goudseweg,Krimpenerwaard,Buurt,1,"1,5",18 jaar of ouder,Waarde,Goudseweg,Krimpenerwaard,Buurt,83.5,54.0,11.8,16.5,41.1,85.0,12.7,10.2,28.2,.,.,3.3,5.4
BU19311004,2020,Goudseweg,Krimpenerwaard,Buurt,1,"1,5",18 jaar of ouder,Waarde,Goudseweg,Krimpenerwaard,Buurt,86.3,50.6,9.6,14.8,45.6,83.8,6.4,6.8,26.5,.,.,2.9,4.7
BU19311004,2022,Goudseweg,Krimpenerwaard,Buurt,1,1.6,18 jaar of ouder,Waarde,Goudseweg,Krimpenerwaard,Buurt,75.3,48.6,10.8,9.0,45.9,80.5,8.0,7.2,30.1,13.1,11.1,4.5,6.5
BU19311005,2016,Het Beijersche,Krimpenerwaard,Buurt,1,"4,1",18 jaar of ouder,Waarde,Het Beijersche,Krimpenerwaard,Buurt,85.7,52.3,12.0,16.4,40.7,85.0,7.2,5.8,25.8,.,.,3.2,4.7
BU19311005,2020,Het Beijersche,Krimpenerwaard,Buurt,1,"4,1",18 jaar of ouder,Waarde,Het Beijersche,Krimpenerwaard,Buurt,86.9,47.5,11.1,11.7,43.0,81.9,8.2,7.5,25.6,.,.,3.1,5.5
BU19311005,2022,Het Beijersche,Krimpenerwaard,Buurt,1,4.1,18 jaar of ouder,Waarde,Het Beijersche,Krimpenerwaard,Buurt,79.2,46.3,12.4,11.8,43.7,82.4,10.0,7.0,26.9,14.1,11.6,5.6,7.5
BU19311006,2016,Koolwijk,Krimpenerwaard,Buurt,1,"2,3",18 jaar of ouder,Waarde,Koolwijk,Krimpenerwaard,Buurt,85.0,46.3,12.6,15.8,45.7,81.9,8.1,6.6,25.7,.,.,2.6,4.8
BU19311006,2020,Koolwijk,Krimpenerwaard,Buurt,1,"2,2",18 jaar of ouder,Waarde,Koolwijk,Krimpenerwaard,Buurt,87.5,46.6,10.3,10.7,44.7,82.5,5.4,8.5,23.7,.,.,2.7,5.2
BU19311006,2022,Koolwijk,Krimpenerwaard,Buurt,1,2.2,18 jaar of ouder,Waarde,Koolwijk,Krimpenerwaard,Buurt,80.6,45.8,14.0,11.5,47.7,81.9,8.4,6.2,25.9,13.6,11.4,5.0,7.0
BU19311007,2016,Schoonouwen,Krimpenerwaard,Buurt,1,"2,5",18 jaar of ouder,Waarde,Schoonouwen,Krimpenerwaard,Buurt,82.2,47.2,11.9,17.0,41.9,82.2,9.3,6.9,27.4,.,.,4.4,5.5
BU19311007,2020,Schoonouwen,Krimpenerwaard,Buurt,1,"2,4",18 jaar of ouder,Waarde,Schoonouwen,Krimpenerwaard,Buurt,86.6,48.6,10.1,12.1,44.3,81.5,6.1,6.1,28.8,.,.,3.1,7.1
BU19311007,2022,Schoonouwen,Krimpenerwaard,Buurt,1,2.5,18 jaar of ouder,Waarde,Schoonouwen,Krimpenerwaard,Buurt,78.7,46.4,12.0,13.1,46.3,81.2,10.2,7.9,26.8,15.2,12.4,5.4,7.4
BU19311008,2016,Bilwijk,Krimpenerwaard,Buurt,1,"1,8",18 jaar of ouder,Waarde,Bilwijk,Krimpenerwaard,Buurt,86.2,51.0,9.3,12.6,45.6,82.9,8.8,6.0,23.9,.,.,2.4,3.9
BU19311008,2020,Bilwijk,Krimpenerwaard,Buurt,1,"1,7",18 jaar of ouder,Waarde,Bilwijk,Krimpenerwaard,Buurt,86.9,50.3,9.0,9.3,45.2,82.2,7.8,6.9,26.0,.,.,2.5,4.9
BU19311008,2022,Bilwijk,Krimpenerwaard,Buurt,1,1.7,18 jaar of ouder,Waarde,Bilwijk,Krimpenerwaard,Buurt,81.2,46.0,10.1,10.3,38.7,84.7,13.7,8.1,24.0,12.1,9.6,4.0,6.0
BU19311100,2016,Vlist,Krimpenerwaard,Buurt,1,"1,2",18 jaar of ouder,Waarde,Vlist,Krimpenerwaard,Buurt,78.9,50.5,14.4,17.5,42.2,81.5,8.6,7.2,30.0,.,.,5.8,8.0
BU19311100,2020,Vlist,Krimpenerwaard,Buurt,1,"1,3",18 jaar of ouder,Waarde,Vlist,Krimpenerwaard,Buurt,83.1,47.9,11.8,14.6,43.7,79.0,7.5,6.3,27.2,.,.,4.4,7.8
BU19311100,2022,Vlist,Krimpenerwaard,Buurt,1,1.3,18 jaar of ouder,Waarde,Vlist,Krimpenerwaard,Buurt,75.8,45.5,14.6,16.7,41.3,80.5,11.3,7.0,26.2,16.5,14.8,6.5,10.5
BU19311101,2016,Bonrepas,Krimpenerwaard,Buurt,1,"0,8",18 jaar of ouder,Waarde,Bonrepas,Krimpenerwaard,Buurt,85.3,52.1,10.2,13.8,45.7,84.1,8.3,5.8,24.8,.,.,2.9,4.6
BU19311101,2020,Bonrepas,Krimpenerwaard,Buurt,1,"0,8",18 jaar of ouder,Waarde,Bonrepas,Krimpenerwaard,Buurt,86.5,44.8,11.2,8.3,53.4,81.8,5.3,5.0,27.7,.,.,1.8,4.9
BU19311101,2022,Bonrepas,Krimpenerwaard,Buurt,1,0.8,18 jaar of ouder,Waarde,Bonrepas,Krimpenerwaard,Buurt,81.6,40.8,11.8,9.4,51.8,79.7,7.4,6.3,23.3,10.4,9.5,3.0,5.8
BU19311200,2016,Schoonhoven-Oude Stad,Krimpenerwaard,Buurt,1,"0,2",18 jaar of ouder,Waarde,Schoonhoven-Oude Stad,Krimpenerwaard,Buurt,77.0,47.9,13.9,19.9,43.1,83.2,9.0,7.0,33.8,.,.,6.0,9.8
BU19311200,2020,Schoonhoven-Oude Stad,Krimpenerwaard,Buurt,1,"0,2",18 jaar of ouder,Waarde,Schoonhoven-Oude Stad,Krimpenerwaard,Buurt,80.1,46.7,14.9,16.2,46.0,80.0,6.8,5.9,33.2,.,.,6.1,10.1
BU19311200,2022,Schoonhoven-Oude Stad,Krimpenerwaard,Buurt,1,0.3,18 jaar of ouder,Waarde,Schoonhoven-Oude Stad,Krimpenerwaard,Buurt,70.3,43.2,16.0,17.1,43.9,80.6,9.5,7.0,33.3,21.0,15.8,9.4,13.1
BU19311201,2016,Schoonhoven-Noord,Krimpenerwaard,Buurt,1,"0,6",18 jaar of ouder,Waarde,Schoonhoven-Noord,Krimpenerwaard,Buurt,71.3,45.5,16.9,20.3,53.0,71.2,7.8,5.8,36.7,.,.,7.7,11.7
BU19311201,2020,Schoonhoven-Noord,Krimpenerwaard,Buurt,1,"0,7",18 jaar of ouder,Waarde,Schoonhoven-Noord,Krimpenerwaard,Buurt,75.5,44.0,18.0,16.4,57.3,67.0,5.6,4.6,35.5,.,.,7.5,12.1
BU19311201,2022,Schoonhoven-Noord,Krimpenerwaard,Buurt,1,0.7,18 jaar of ouder,Waarde,Schoonhoven-Noord,Krimpenerwaard,Buurt,64.0,40.1,19.8,17.1,55.8,66.4,7.7,5.4,35.6,23.6,20.9,11.7,15.8
BU19311202,2016,Schoonhoven-West,Krimpenerwaard,Buurt,1,"1,1",18 jaar of ouder,Waarde,Schoonhoven-West,Krimpenerwaard,Buurt,77.1,48.9,15.5,17.8,47.4,77.6,7.6,6.4,34.7,.,.,5.8,8.6
BU19311202,2020,Schoonhoven-West,Krimpenerwaard,Buurt,1,"1,1",18 jaar of ouder,Waarde,Schoonhoven-West,Krimpenerwaard,Buurt,79.2,46.1,16.5,14.5,53.3,72.5,5.6,5.3,33.8,.,.,6.0,10.0
BU19311202,2022,Schoonhoven-West,Krimpenerwaard,Buurt,1,1.1,18 jaar of ouder,Waarde,Schoonhoven-West,Krimpenerwaard,Buurt,68.5,42.6,18.0,15.1,51.6,72.3,7.8,5.9,34.5,20.4,17.3,9.4,13.2
BU19311203,2016,Zevender,Krimpenerwaard,Buurt,1,1,18 jaar of ouder,Waarde,Zevender,Krimpenerwaard,Buurt,84.1,52.2,12.1,18.5,39.2,87.5,9.3,6.7,26.3,.,.,4.8,7.6
BU19311203,2020,Zevender,Krimpenerwaard,Buurt,1,"0,9",18 jaar of ouder,Waarde,Zevender,Krimpenerwaard,Buurt,87.6,50.6,12.5,13.8,39.8,86.2,7.3,5.9,26.3,.,.,3.7,8.0
BU19311203,2022,Zevender,Krimpenerwaard,Buurt,1,1,18 jaar of ouder,Waarde,Zevender,Krimpenerwaard,Buurt,81.4,49.4,11.2,11.9,36.1,86.4,10.9,6.9,24.4,13.6,10.2,5.0,8.5
BU19311204,2016,Willige-Langerak,Krimpenerwaard,Buurt,1,1,18 jaar of ouder,Waarde,Willige-Langerak,Krimpenerwaard,Buurt,81.2,50.7,13.5,18.8,40.9,84.0,8.9,6.6,29.5,.,.,5.1,7.5
BU19311204,2020,Willige-Langerak,Krimpenerwaard,Buurt,1,"1,1",18 jaar of ouder,Waarde,Willige-Langerak,Krimpenerwaard,Buurt,84.8,49.4,13.7,14.1,43.7,82.5,6.3,5.1,27.7,.,.,4.9,7.7
BU19311204,2022,Willige-Langerak,Krimpenerwaard,Buurt,1,1.1,18 jaar of ouder,Waarde,Willige-Langerak,Krimpenerwaard,Buurt,75.7,45.5,15.5,14.4,41.5,82.2,9.6,6.4,28.5,17.4,13.6,7.4,10.1
BU19311205,2016,"Vlist, Bovenberg en Lekdijk",Krimpenerwaard,Buurt,1,"1,1",18 jaar of ouder,Waarde,"Vlist, Bovenberg en Lekdijk",Krimpenerwaard,Buurt,83.8,54.1,11.2,14.6,40.2,86.6,8.3,7.3,28.7,.,.,3.0,5.2
BU19311205,2020,"Vlist, Bovenberg en Lekdijk",Krimpenerwaard,Buurt,1,"1,1",18 jaar of ouder,Waarde,"Vlist, Bovenberg en Lekdijk",Krimpenerwaard,Buurt,86.7,51.0,11.2,11.2,43.3,85.2,6.7,5.7,26.6,.,.,3.3,6.1
BU19311205,2022,"Vlist, Bovenberg en Lekdijk",Krimpenerwaard,Buurt,1,1.1,18 jaar of ouder,Waarde,"Vlist, Bovenberg en Lekdijk",Krimpenerwaard,Buurt,78.1,47.2,12.6,11.9,40.0,85.0,10.0,7.0,27.9,14.0,11.4,5.2,8.0
GM0599,2016,Rotterdam,Rotterdam,Gemeente,.,"0,7",18 jaar of ouder,Waarde,Rotterdam,Rotterdam,Gemeente,68.8,48.2,16.6,26.8,50.2,70.5,9.0,5.8,36.2,.,.,10.6,14.4
GM0599,2020,Rotterdam,Rotterdam,Gemeente,.,"0,7",18 jaar of ouder,Waarde,Rotterdam,Rotterdam,Gemeente,74.3,44.8,17.6,21.6,51.8,68.4,8.0,5.4,32.7,.,.,10.1,16.1
GM0599,2022,Rotterdam,Rotterdam,Gemeente,1,0.8,18 jaar of ouder,Waarde,Rotterdam,Rotterdam,Gemeente,62.7,44.9,18.0,22.4,50.8,68.5,9.4,6.3,35.1,30.6,23.2,15.6,20.9
GM1931,2016,Krimpenerwaard,Krimpenerwaard,Gemeente,.,"1,2",18 jaar of ouder,Waarde,Krimpenerwaard,Krimpenerwaard,Gemeente,78.7,47.3,14.4,18.0,44.3,82.2,8.9,6.6,32.1,.,.,5.1,8.0
GM1931,2020,Krimpenerwaard,Krimpenerwaard,Gemeente,.,"1,2",18 jaar of ouder,Waarde,Krimpenerwaard,Krimpenerwaard,Gemeente,80.9,46.0,15.4,14.5,47.8,78.5,6.7,5.8,31.3,.,.,5.1,8.9
GM1931,2022,Krimpenerwaard,Krimpenerwaard,Gemeente,1,1.1,18 jaar of ouder,Waarde,Krimpenerwaard,Krimpenerwaard,Gemeente,71.7,42.2,16.8,15.1,46.8,78.3,8.9,6.6,31.6,18.6,15.3,8.0,11.5
WK059901,2016,Rotterdam Centrum,Rotterdam,Wijk,3,"0,2",18 jaar of ouder,Waarde,Rotterdam Centrum,Rotterdam,Wijk,74.5,56.3,11.6,28.2,38.6,78.6,12.3,7.2,30.6,.,.,9.0,13.0
WK059901,2020,Rotterdam Centrum,Rotterdam,Wijk,1,"0,2",18 jaar of ouder,Waarde,Rotterdam Centrum,Rotterdam,Wijk,79.3,50.4,12.0,21.4,38.2,78.1,12.0,7.1,28.1,.,.,9.2,15.0
WK059901,2022,Rotterdam Centrum,Rotterdam,Wijk,1,0.3,18 jaar of ouder,Waarde,Rotterdam Centrum,Rotterdam,Wijk,68.6,52.4,12.2,23.3,37.5,78.3,13.3,8.3,30.3,30.5,20.5,15.1,20.3
WK059903,2016,Delfshaven,Rotterdam,Wijk,3,"0,2",18 jaar of ouder,Waarde,Delfshaven,Rotterdam,Wijk,65.5,51.7,16.4,29.4,53.9,61.7,9.6,5.3,36.3,.,.,13.4,16.5
WK059903,2020,Delfshaven,Rotterdam,Wijk,1,"0,2",18 jaar of ouder,Waarde,Delfshaven,Rotterdam,Wijk,72.8,48.4,16.9,23.8,54.9,61.8,8.7,5.0,31.3,.,.,12.2,18.2
WK059903,2022,Delfshaven,Rotterdam,Wijk,1,0.3,18 jaar of ouder,Waarde,Delfshaven,Rotterdam,Wijk,60.3,48.2,17.2,24.8,53.0,62.7,10.4,6.2,34.7,35.1,26.3,18.6,24.2
WK059904,2016,Overschie,Rotterdam,Wijk,1,"0,6",18 jaar of ouder,Waarde,Overschie,Rotterdam,Wijk,71.2,46.1,16.5,23.1,49.9,73.2,7.8,6.0,36.2,.,.,8.8,12.5
WK059904,2020,Overschie,Rotterdam,Wijk,1,"0,7",18 jaar of ouder,Waarde,Overschie,Rotterdam,Wijk,77.3,45.6,16.9,17.9,51.3,71.4,6.4,4.8,32.2,.,.,8.1,13.7
WK059904,2022,Overschie,Rotterdam,Wijk,3,0.8,18 jaar of ouder,Waarde,Overschie,Rotterdam,Wijk,66.3,43.0,18.0,18.2,51.3,71.0,7.4,5.4,34.0,25.5,19.6,12.3,17.7
WK059905,2016,Noord,Rotterdam,Wijk,1,"0,2",18 jaar of ouder,Waarde,Noord,Rotterdam,Wijk,70.9,56.1,13.4,28.7,44.0,72.9,11.0,6.3,33.6,.,.,10.8,13.8
WK059905,2020,Noord,Rotterdam,Wijk,1,"0,2",18 jaar of ouder,Waarde,Noord,Rotterdam,Wijk,77.1,51.9,13.5,22.3,43.0,73.3,10.8,6.6,29.9,.,.,10.2,15.6
WK059905,2022,Noord,Rotterdam,Wijk,1,0.3,18 jaar of ouder,Waarde,Noord,Rotterdam,Wijk,65.7,51.8,14.0,23.6,41.6,73.2,12.8,7.7,32.3,31.6,22.6,16.4,20.6
WK059906,2016,Hillegersberg-Schiebroek,Rotterdam,Wijk,1,"1,5",18 jaar of ouder,Waarde,Hillegersberg-Schiebroek,Rotterdam,Wijk,74.8,49.3,13.7,20.7,43.1,80.5,8.1,6.5,34.4,.,.,7.1,10.7
WK059906,2020,Hillegersberg-Schiebroek,Rotterdam,Wijk,3,"1,6",18 jaar of ouder,Waarde,Hillegersberg-Schiebroek,Rotterdam,Wijk,78.8,48.4,14.3,15.9,45.1,78.2,7.0,5.8,31.7,.,.,6.9,12.2
WK059906,2022,Hillegersberg-Schiebroek,Rotterdam,Wijk,1,1.6,18 jaar of ouder,Waarde,Hillegersberg-Schiebroek,Rotterdam,Wijk,69.3,46.4,15.3,16.3,46.3,76.7,7.8,6.2,33.4,23.1,17.3,10.7,15.6
WK059908,2016,Kralingen-Crooswijk,Rotterdam,Wijk,1,"0,3",18 jaar of ouder,Waarde,Kralingen-Crooswijk,Rotterdam,Wijk,71.1,54.3,13.4,27.6,44.3,73.2,11.6,6.9,33.5,.,.,10.5,14.5
WK059908,2020,Kralingen-Crooswijk,Rotterdam,Wijk,1,"0,3",18 jaar of ouder,Waarde,Kralingen-Crooswijk,Rotterdam,Wijk,76.1,48.5,13.8,21.7,44.3,72.4,10.6,6.8,30.4,.,.,10.4,16.2
WK059908,2022,Kralingen-Crooswijk,Rotterdam,Wijk,1,0.4,18 jaar of ouder,Waarde,Kralingen-Crooswijk,Rotterdam,Wijk,64.4,49.3,14.4,22.7,44.2,71.6,12.0,7.9,32.9,32.4,23.3,16.4,21.5
WK059910,2016,Feijenoord,Rotterdam,Wijk,1,"0,3",18 jaar of ouder,Waarde,Feijenoord,Rotterdam,Wijk,61.1,44.4,20.1,30.2,61.1,56.2,7.7,4.9,39.4,.,.,14.8,18.4
WK059910,2020,Feijenoord,Rotterdam,Wijk,1,"0,3",18 jaar of ouder,Waarde,Feijenoord,Rotterdam,Wijk,69.5,41.5,21.1,24.7,60.9,55.5,7.0,4.5,34.4,.,.,13.1,19.9
WK059910,2022,Feijenoord,Rotterdam,Wijk,1,0.4,18 jaar of ouder,Waarde,Feijenoord,Rotterdam,Wijk,56.6,43.2,20.7,25.0,58.2,57.6,8.9,5.4,37.5,36.0,29.1,19.6,25.0
WK059912,2016,IJsselmonde,Rotterdam,Wijk,1,"0,9",18 jaar of ouder,Waarde,IJsselmonde,Rotterdam,Wijk,66.7,41.1,19.5,26.7,56.3,68.6,7.5,5.1,38.2,.,.,10.6,15.5
WK059912,2020,IJsselmonde,Rotterdam,Wijk,1,"0,9",18 jaar of ouder,Waarde,IJsselmonde,Rotterdam,Wijk,71.5,38.5,21.4,22.4,59.9,63.2,5.9,4.5,35.1,.,.,10.3,16.7
WK059912,2022,IJsselmonde,Rotterdam,Wijk,1,1.1,18 jaar of ouder,Waarde,IJsselmonde,Rotterdam,Wijk,59.5,38.6,22.1,23.0,58.4,63.1,7.4,5.0,37.4,31.0,24.8,16.1,21.6
WK059913,2016,Pernis,Rotterdam,Wijk,1,5,18 jaar of ouder,Waarde,Pernis,Rotterdam,Wijk,75.6,43.8,18.3,22.4,42.8,80.7,9.0,7.2,34.7,.,.,6.1,9.5
WK059913,2020,Pernis,Rotterdam,Wijk,1,5,18 jaar of ouder,Waarde,Pernis,Rotterdam,Wijk,77.6,42.7,18.9,18.4,44.4,78.4,7.2,5.9,32.6,.,.,6.4,11.2
WK059913,2022,Pernis,Rotterdam,Wijk,1,5.5,18 jaar of ouder,Waarde,Pernis,Rotterdam,Wijk,69.0,38.3,20.0,19.2,45.4,77.4,9.0,6.8,33.5,21.5,17.0,9.5,13.9
WK059914,2016,Prins Alexander,Rotterdam,Wijk,1,"1,2",18 jaar of ouder,Waarde,Prins Alexander,Rotterdam,Wijk,71.2,45.7,16.3,22.3,48.0,77.3,8.4,6.3,37.5,.,.,8.1,12.1
WK059914,2020,Prins Alexander,Rotterdam,Wijk,1,"1,3",18 jaar of ouder,Waarde,Prins Alexander,Rotterdam,Wijk,74.7,41.6,17.5,18.3,51.8,73.6,6.7,5.2,34.9,.,.,7.9,13.8
WK059914,2022,Prins Alexander,Rotterdam,Wijk,1,1.4,18 jaar of ouder,Waarde,Prins Alexander,Rotterdam,Wijk,64.2,41.1,18.3,18.5,51.6,72.4,7.7,6.0,36.7,25.5,19.7,12.2,17.6
WK059915,2016,Charlois,Rotterdam,Wijk,1,"0,6",18 jaar of ouder,Waarde,Charlois,Rotterdam,Wijk,65.1,45.3,18.8,31.5,56.6,64.4,8.5,5.0,36.9,.,.,12.7,17.4
WK059915,2020,Charlois,Rotterdam,Wijk,1,"0,6",18 jaar of ouder,Waarde,Charlois,Rotterdam,Wijk,72.0,43.0,20.8,26.4,58.2,61.6,7.3,4.6,32.8,.,.,12.1,19.1
WK059915,2022,Charlois,Rotterdam,Wijk,1,0.7,18 jaar of ouder,Waarde,Charlois,Rotterdam,Wijk,58.5,42.8,20.4,27.0,56.0,63.0,8.9,5.5,36.0,35.0,27.0,18.4,24.5
WK059916,2016,Hoogvliet,Rotterdam,Wijk,1,"0,9",18 jaar of ouder,Waarde,Hoogvliet,Rotterdam,Wijk,69.3,41.8,20.4,25.1,51.0,75.6,7.6,5.2,38.2,.,.,8.6,12.2
WK059916,2020,Hoogvliet,Rotterdam,Wijk,1,"0,8",18 jaar of ouder,Waarde,Hoogvliet,Rotterdam,Wijk,73.5,38.9,21.5,20.0,55.3,70.9,6.0,4.7,35.2,.,.,8.9,14.6
WK059916,2022,Hoogvliet,Rotterdam,Wijk,1,0.9,18 jaar of ouder,Waarde,Hoogvliet,Rotterdam,Wijk,62.7,39.3,22.3,20.7,55.0,70.1,7.3,5.3,37.2,26.8,21.0,12.9,17.9
WK059917,2016,Hoek van Holland,Rotterdam,Wijk,1,"0,8",18 jaar of ouder,Waarde,Hoek van Holland,Rotterdam,Wijk,75.7,49.4,15.4,21.4,39.9,84.2,7.8,7.2,36.5,.,.,6.4,9.8
WK059917,2020,Hoek van Holland,Rotterdam,Wijk,1,"0,8",18 jaar of ouder,Waarde,Hoek van Holland,Rotterdam,Wijk,76.1,47.2,16.4,17.6,40.9,81.3,7.8,5.9,35.2,.,.,6.2,11.4
WK059917,2022,Hoek van Holland,Rotterdam,Wijk,1,0.9,18 jaar of ouder,Waarde,Hoek van Holland,Rotterdam,Wijk,67.6,45.3,19.7,18.1,43.3,80.5,9.0,7.0,35.7,20.3,16.6,8.8,13.7
WK059918,2016,Spaanse Polder,Rotterdam,Wijk,1,"0,8",18 jaar of ouder,Waarde,Spaanse Polder,Rotterdam,Wijk,75.9,45.6,15.8,23.2,43.5,81.3,8.9,7.3,33.5,.,.,6.5,10.4
WK059918,2020,Spaanse Polder,Rotterdam,Wijk,1,"0,8",18 jaar of ouder,Waarde,Spaanse Polder,Rotterdam,Wijk,78.9,46.5,17.6,20.0,45.2,78.8,7.4,6.2,32.5,.,.,5.4,12.4
WK059918,2022,Spaanse Polder,Rotterdam,Wijk,1,0.9,18 jaar of ouder,Waarde,Spaanse Polder,Rotterdam,Wijk,71.9,43.9,16.7,16.9,43.9,79.8,8.0,7.2,32.2,17.8,13.5,7.8,13.4
WK059919,2016,Nieuw Mathenesse,Rotterdam,Wijk,3,"0,4",18 jaar of ouder,Waarde,Nieuw Mathenesse,Rotterdam,Wijk,62.9,41.5,24.4,45.5,48.6,65.9,10.2,8.4,40.5,.,.,12.8,25.8
WK059919,2020,Nieuw Mathenesse,Rotterdam,Wijk,1,"0,1",18 jaar of ouder,Waarde,Nieuw Mathenesse,Rotterdam,Wijk,87.3,51.1,8.8,23.3,41.4,82.0,8.6,4.3,17.4,.,.,9.0,18.2
WK059919,2022,Nieuw Mathenesse,Rotterdam,Wijk,1,0.1,18 jaar of ouder,Waarde,Nieuw Mathenesse,Rotterdam,Wijk,74.2,52.8,11.8,27.2,42.9,79.7,8.5,4.8,21.3,34.7,20.0,15.8,27.6
WK059921,2016,Waalhaven-Eemhaven,Rotterdam,Wijk,1,"4,1",18 jaar of ouder,Waarde,Waalhaven-Eemhaven,Rotterdam,Wijk,67.9,41.1,16.0,37.4,48.7,74.2,9.5,7.4,37.3,.,.,6.9,12.3
WK059921,2020,Waalhaven-Eemhaven,Rotterdam,Wijk,1,"3,1",18 jaar of ouder,Waarde,Waalhaven-Eemhaven,Rotterdam,Wijk,78.5,50.7,14.6,30.8,46.9,75.3,9.5,5.3,31.1,.,.,9.2,16.7
WK059921,2022,Waalhaven-Eemhaven,Rotterdam,Wijk,1,3.7,18 jaar of ouder,Waarde,Waalhaven-Eemhaven,Rotterdam,Wijk,66.9,45.1,15.4,29.9,52.8,75.7,7.2,4.9,27.3,34.5,18.7,15.0,25.6
WK059922,2016,Vondelingenplaat,Rotterdam,Wijk,1,NA,18 jaar of ouder,Waarde,Vondelingenplaat,Rotterdam,Wijk,.,.,.,.,.,.,.,.,.,.,.,.,.
WK059922,2020,Vondelingenplaat,Rotterdam,Wijk,1,NA,18 jaar of ouder,Waarde,Vondelingenplaat,Rotterdam,Wijk,.,.,.,.,.,.,.,.,.,.,.,.,.
WK059922,2022,Vondelingenplaat,Rotterdam,Wijk,1,NA,18 jaar of ouder,Waarde,Vondelingenplaat,Rotterdam,Wijk,.,.,.,.,.,.,.,.,.,.,.,.,.
WK059923,2016,Botlek-Europoort-Maasvlakte,Rotterdam,Wijk,1,NA,18 jaar of ouder,Waarde,Botlek-Europoort-Maasvlakte,Rotterdam,Wijk,.,.,.,.,.,.,.,.,.,.,.,.,.
WK059923,2020,Botlek-Europoort-Maasvlakte,Rotterdam,Wijk,1,NA,18 jaar of ouder,Waarde,Botlek-Europoort-Maasvlakte,Rotterdam,Wijk,.,.,.,.,.,.,.,.,.,.,.,.,.
WK059923,2022,Botlek-Europoort-Maasvlakte,Rotterdam,Wijk,1,12.2,18 jaar of ouder,Waarde,Botlek-Europoort-Maasvlakte,Rotterdam,Wijk,69.5,48.2,17.7,33.8,41.3,76.1,5.8,5.0,27.4,31.9,23.2,14.1,35.3
WK059924,2016,Rotterdam-Noord-West,Rotterdam,Wijk,1,"0,6",18 jaar of ouder,Waarde,Rotterdam-Noord-West,Rotterdam,Wijk,83.4,54.4,8.5,30.0,31.1,88.3,16.4,8.5,23.4,.,.,7.8,13.3
WK059924,2020,Rotterdam-Noord-West,Rotterdam,Wijk,1,NA,18 jaar of ouder,Waarde,Rotterdam-Noord-West,Rotterdam,Wijk,.,.,.,.,.,.,.,.,.,.,.,.,.
WK059924,2022,Rotterdam-Noord-West,Rotterdam,Wijk,1,NA,18 jaar of ouder,Waarde,Rotterdam-Noord-West,Rotterdam,Wijk,.,.,.,.,.,.,.,.,.,.,.,.,.
WK059925,2016,Rivium,Rotterdam,Wijk,1,NA,18 jaar of ouder,Waarde,Rivium,Rotterdam,Wijk,.,.,.,.,.,.,.,.,.,.,.,.,.
WK059925,2020,Rivium,Rotterdam,Wijk,1,NA,18 jaar of ouder,Waarde,Rivium,Rotterdam,Wijk,.,.,.,.,.,.,.,.,.,.,.,.,.
WK059925,2022,Rivium,Rotterdam,Wijk,1,NA,18 jaar of ouder,Waarde,Rivium,Rotterdam,Wijk,.,.,.,.,.,.,.,.,.,.,.,.,.
WK059927,2016,Rozenburg,Rotterdam,Wijk,1,"0,7",18 jaar of ouder,Waarde,Rozenburg,Rotterdam,Wijk,73.9,46.8,18.3,23.0,42.6,80.6,8.3,6.5,37.2,.,.,6.5,10.5
WK059927,2020,Rozenburg,Rotterdam,Wijk,1,"0,6",18 jaar of ouder,Waarde,Rozenburg,Rotterdam,Wijk,75.3,43.6,20.7,18.6,46.9,78.0,6.8,5.3,35.5,.,.,7.3,12.6
WK059927,2022,Rozenburg,Rotterdam,Wijk,1,0.8,18 jaar of ouder,Waarde,Rozenburg,Rotterdam,Wijk,65.0,42.0,22.8,19.4,48.6,75.5,8.6,6.2,36.4,23.9,19.0,11.0,15.9
WK193100,2016,Wijk 00 Lekkerkerk,Krimpenerwaard,Wijk,1,"0,7",18 jaar of ouder,Waarde,Wijk 00 Lekkerkerk,Krimpenerwaard,Wijk,78.4,46.0,14.7,18.5,45.1,83.1,9.1,6.4,32.4,.,.,5.0,8.2
WK193100,2020,Wijk 00 Lekkerkerk,Krimpenerwaard,Wijk,1,"0,7",18 jaar of ouder,Waarde,Wijk 00 Lekkerkerk,Krimpenerwaard,Wijk,79.6,44.8,16.4,14.5,48.8,78.4,6.3,5.5,31.8,.,.,5.3,9.2
WK193100,2022,Wijk 00 Lekkerkerk,Krimpenerwaard,Wijk,1,0.8,18 jaar of ouder,Waarde,Wijk 00 Lekkerkerk,Krimpenerwaard,Wijk,70.9,40.7,17.5,15.2,47.5,78.0,8.7,6.6,32.8,18.7,15.6,8.0,11.8
WK193101,2016,Wijk 01 Krimpen aan de Lek,Krimpenerwaard,Wijk,1,"0,7",18 jaar of ouder,Waarde,Wijk 01 Krimpen aan de Lek,Krimpenerwaard,Wijk,77.6,45.5,15.1,19.1,45.3,81.7,8.4,6.0,32.7,.,.,5.4,8.7
WK193101,2020,Wijk 01 Krimpen aan de Lek,Krimpenerwaard,Wijk,1,"0,7",18 jaar of ouder,Waarde,Wijk 01 Krimpen aan de Lek,Krimpenerwaard,Wijk,78.9,45.8,16.9,15.3,48.4,78.2,6.2,5.4,32.3,.,.,5.6,9.7
WK193101,2022,Wijk 01 Krimpen aan de Lek,Krimpenerwaard,Wijk,1,0.7,18 jaar of ouder,Waarde,Wijk 01 Krimpen aan de Lek,Krimpenerwaard,Wijk,70.5,39.9,17.9,16.1,46.9,78.6,8.7,6.4,32.9,19.6,16.0,8.3,12.3
WK193102,2016,Wijk 02 Ouderkerk aan den IJssel,Krimpenerwaard,Wijk,1,"1,5",18 jaar of ouder,Waarde,Wijk 02 Ouderkerk aan den IJssel,Krimpenerwaard,Wijk,80.3,46.2,14.1,16.8,42.9,84.5,9.3,6.8,30.7,.,.,4.3,6.7
WK193102,2020,Wijk 02 Ouderkerk aan den IJssel,Krimpenerwaard,Wijk,1,"1,5",18 jaar of ouder,Waarde,Wijk 02 Ouderkerk aan den IJssel,Krimpenerwaard,Wijk,82.4,45.5,14.9,13.4,46.4,79.9,7.1,6.1,29.8,.,.,4.3,7.6
WK193102,2022,Wijk 02 Ouderkerk aan den IJssel,Krimpenerwaard,Wijk,1,1.4,18 jaar of ouder,Waarde,Wijk 02 Ouderkerk aan den IJssel,Krimpenerwaard,Wijk,73.5,40.7,16.7,14.2,45.9,80.2,9.0,6.7,29.4,17.1,14.4,6.9,10.4
WK193103,2016,Wijk 03 Gouderak,Krimpenerwaard,Wijk,1,"3,6",18 jaar of ouder,Waarde,Wijk 03 Gouderak,Krimpenerwaard,Wijk,78.3,48.4,15.1,19.2,44.3,81.1,8.8,6.7,33.1,.,.,5.4,8.2
WK193103,2020,Wijk 03 Gouderak,Krimpenerwaard,Wijk,1,"3,6",18 jaar of ouder,Waarde,Wijk 03 Gouderak,Krimpenerwaard,Wijk,81.0,45.6,16.0,16.8,46.4,78.1,7.1,6.0,31.7,.,.,5.8,9.5
WK193103,2022,Wijk 03 Gouderak,Krimpenerwaard,Wijk,1,1,18 jaar of ouder,Waarde,Wijk 03 Gouderak,Krimpenerwaard,Wijk,71.6,42.4,17.5,16.4,46.9,78.9,8.6,6.5,31.5,19.7,16.3,8.5,12.2
WK193104,2016,Wijk 04 Bergambacht,Krimpenerwaard,Wijk,1,"0,9",18 jaar of ouder,Waarde,Wijk 04 Bergambacht,Krimpenerwaard,Wijk,78.3,47.9,14.3,17.4,46.2,81.6,8.8,6.4,32.0,.,.,5.1,7.8
WK193104,2020,Wijk 04 Bergambacht,Krimpenerwaard,Wijk,1,"0,9",18 jaar of ouder,Waarde,Wijk 04 Bergambacht,Krimpenerwaard,Wijk,80.7,45.2,15.4,13.9,49.8,78.2,5.8,5.6,31.2,.,.,5.1,9.4
WK193104,2022,Wijk 04 Bergambacht,Krimpenerwaard,Wijk,1,0.9,18 jaar of ouder,Waarde,Wijk 04 Bergambacht,Krimpenerwaard,Wijk,71.3,42.5,16.8,14.7,49.6,76.8,8.7,6.4,32.5,18.6,15.5,7.9,11.5
WK193105,2016,Wijk 05 Bergstoep,Krimpenerwaard,Wijk,1,"1,4",18 jaar of ouder,Waarde,Wijk 05 Bergstoep,Krimpenerwaard,Wijk,82.4,48.9,12.8,16.8,42.0,85.8,9.2,6.6,29.1,.,.,3.7,6.4
WK193105,2020,Wijk 05 Bergstoep,Krimpenerwaard,Wijk,1,"1,2",18 jaar of ouder,Waarde,Wijk 05 Bergstoep,Krimpenerwaard,Wijk,84.2,46.2,13.7,12.6,45.2,82.0,6.8,6.0,29.1,.,.,3.8,7.4
WK193105,2022,Wijk 05 Bergstoep,Krimpenerwaard,Wijk,1,1.4,18 jaar of ouder,Waarde,Wijk 05 Bergstoep,Krimpenerwaard,Wijk,75.1,43.2,15.1,13.0,45.6,81.0,9.4,6.9,29.7,15.6,12.7,6.2,9.8
WK193106,2016,Wijk 06 Ammerstol,Krimpenerwaard,Wijk,1,"0,4",18 jaar of ouder,Waarde,Wijk 06 Ammerstol,Krimpenerwaard,Wijk,79.0,47.4,15.1,19.4,42.6,83.9,10.0,6.8,32.2,.,.,5.3,8.1
WK193106,2020,Wijk 06 Ammerstol,Krimpenerwaard,Wijk,1,"0,4",18 jaar of ouder,Waarde,Wijk 06 Ammerstol,Krimpenerwaard,Wijk,80.7,44.1,16.8,16.1,45.8,79.8,6.9,6.3,32.9,.,.,5.0,8.7
WK193106,2022,Wijk 06 Ammerstol,Krimpenerwaard,Wijk,1,0.4,18 jaar of ouder,Waarde,Wijk 06 Ammerstol,Krimpenerwaard,Wijk,70.8,41.6,18.1,16.9,45.3,79.4,9.5,7.1,32.2,19.3,15.3,8.3,11.1
WK193107,2016,Wijk 07 Berkenwoude,Krimpenerwaard,Wijk,1,6,18 jaar of ouder,Waarde,Wijk 07 Berkenwoude,Krimpenerwaard,Wijk,83.2,45.8,13.6,15.7,44.0,83.7,8.1,7.2,29.3,.,.,3.7,5.6
WK193107,2020,Wijk 07 Berkenwoude,Krimpenerwaard,Wijk,1,6,18 jaar of ouder,Waarde,Wijk 07 Berkenwoude,Krimpenerwaard,Wijk,85.1,45.1,12.3,11.9,46.2,80.2,6.5,6.5,25.7,.,.,3.8,6.3
WK193107,2022,Wijk 07 Berkenwoude,Krimpenerwaard,Wijk,1,5.8,18 jaar of ouder,Waarde,Wijk 07 Berkenwoude,Krimpenerwaard,Wijk,76.4,42.2,14.5,12.4,49.3,79.6,8.5,6.8,28.3,16.0,13.3,6.0,8.8
WK193108,2016,Wijk 08 Haastrecht,Krimpenerwaard,Wijk,1,"0,8",18 jaar of ouder,Waarde,Wijk 08 Haastrecht,Krimpenerwaard,Wijk,79.1,48.0,13.7,17.0,40.5,84.1,10.4,7.4,31.9,.,.,4.4,7.5
WK193108,2020,Wijk 08 Haastrecht,Krimpenerwaard,Wijk,1,"0,8",18 jaar of ouder,Waarde,Wijk 08 Haastrecht,Krimpenerwaard,Wijk,81.4,47.0,14.0,13.8,45.2,80.6,8.1,6.9,32.1,.,.,4.5,7.9
WK193108,2022,Wijk 08 Haastrecht,Krimpenerwaard,Wijk,1,0.9,18 jaar of ouder,Waarde,Wijk 08 Haastrecht,Krimpenerwaard,Wijk,72.6,44.4,15.5,14.1,43.7,79.9,9.4,7.0,30.9,17.3,13.9,7.0,10.5
WK193110,2016,Wijk 10 Stolwijk,Krimpenerwaard,Wijk,1,"1,1",18 jaar of ouder,Waarde,Wijk 10 Stolwijk,Krimpenerwaard,Wijk,80.7,48.3,13.3,16.8,42.1,83.3,9.5,6.5,29.9,.,.,4.3,7.0
WK193110,2020,Wijk 10 Stolwijk,Krimpenerwaard,Wijk,1,"1,1",18 jaar of ouder,Waarde,Wijk 10 Stolwijk,Krimpenerwaard,Wijk,82.4,47.3,14.0,13.7,45.9,79.7,7.8,6.3,29.6,.,.,4.4,7.8
WK193110,2022,Wijk 10 Stolwijk,Krimpenerwaard,Wijk,1,1.1,18 jaar of ouder,Waarde,Wijk 10 Stolwijk,Krimpenerwaard,Wijk,73.6,43.8,15.5,14.0,45.3,79.4,9.4,6.9,29.6,17.3,14.3,7.3,10.1
WK193111,2016,Wijk 11 Vlist,Krimpenerwaard,Wijk,1,"1,1",18 jaar of ouder,Waarde,Wijk 11 Vlist,Krimpenerwaard,Wijk,80.3,50.9,13.5,16.6,43.0,82.1,8.5,6.8,28.8,.,.,5.2,7.2
WK193111,2020,Wijk 11 Vlist,Krimpenerwaard,Wijk,1,"1,2",18 jaar of ouder,Waarde,Wijk 11 Vlist,Krimpenerwaard,Wijk,83.8,47.2,11.7,13.3,45.6,79.6,7.0,6.0,27.3,.,.,3.8,7.2
WK193111,2022,Wijk 11 Vlist,Krimpenerwaard,Wijk,1,1.2,18 jaar of ouder,Waarde,Wijk 11 Vlist,Krimpenerwaard,Wijk,76.8,44.6,14.1,15.4,43.2,80.3,10.6,6.9,25.7,15.4,13.8,5.9,9.6
WK193112,2016,Wijk 12 Schoonhoven,Krimpenerwaard,Wijk,1,"0,8",18 jaar of ouder,Waarde,Wijk 12 Schoonhoven,Krimpenerwaard,Wijk,76.9,48.4,14.8,19.0,45.8,79.5,8.3,6.5,33.8,.,.,6.0,9.2
WK193112,2020,Wijk 12 Schoonhoven,Krimpenerwaard,Wijk,1,"0,8",18 jaar of ouder,Waarde,Wijk 12 Schoonhoven,Krimpenerwaard,Wijk,80.2,46.7,15.6,15.2,49.6,76.1,6.1,5.3,32.5,.,.,6.0,9.9
WK193112,2022,Wijk 12 Schoonhoven,Krimpenerwaard,Wijk,1,0.8,18 jaar of ouder,Waarde,Wijk 12 Schoonhoven,Krimpenerwaard,Wijk,70.1,43.1,17.0,15.8,47.5,76.2,8.7,6.3,32.8,20.3,16.5,9.2,12.8
